kodi_institucioni,emertimi,real_nipt,nipt_source
INST-0001,AGJENCIA E INDUSTRISE SE MBROJTJES,,unknown - not seen in KPP
INST-0002,AGJENCIA KOMBETARE E FINANCIMIT TE ARSIMIT TE LARTE,,unknown - not seen in KPP
INST-0003,ALBAFILM,,unknown - not seen in KPP
INST-0004,ALBANIAN STATE DEVELOPMENT & REAL ESTATE,,unknown - not seen in KPP
INST-0005,ALBCONTROL SH.A ( ish A.N.T.A),J61908011H,kpp_appeal.ak_nipt (name-matched)
INST-0006,ALBTrace CO,M51512056Q,kpp_appeal.ak_nipt (name-matched)
INST-0007,Agjencia E Sigurimit të Cilësisë së Kujdesit Shëndetësor dhe Shoqëror,,unknown - not seen in KPP
INST-0008,Agjencia Ekonomike Mbeshtetese,L81819025K,kpp_appeal.ak_nipt (name-matched)
INST-0009,Agjencia Innovation4Albania,,unknown - not seen in KPP
INST-0010,Agjencia Kombetare Berthamore,,unknown - not seen in KPP
INST-0011,Agjencia Kombetare e Arsimit Parauniversitar,L91714454I,kpp_appeal.ak_nipt (name-matched)
INST-0012,Agjencia Kombetare e Barnave dhe Paisjeve Mjekesore (AKBPM),,unknown - not seen in KPP
INST-0013,Agjencia Kombetare e Bregdetit,L41417451U,kpp_appeal.ak_nipt (name-matched)
INST-0014,Agjencia Kombetare e Burimeve Natyrore,,unknown - not seen in KPP
INST-0015,Agjencia Kombetare e Duhan - Cigareve,,unknown - not seen in KPP
INST-0016,Agjencia Kombetare e Ekonomise Mbetjeve,,unknown - not seen in KPP
INST-0017,Agjencia Kombetare e Kerkimit Shkencor dhe Inovacionit,,unknown - not seen in KPP
INST-0018,Agjencia Kombetare e Kontrollit te Cannabis-it,,unknown - not seen in KPP
INST-0019,Agjencia Kombetare e Mbrojtjes Civile,,unknown - not seen in KPP
INST-0020,Agjencia Kombetare e Mjedisit,K51725014S,kpp_appeal.ak_nipt (name-matched)
INST-0021,Agjencia Kombetare e Planifikimit te Territorit,,unknown - not seen in KPP
INST-0022,Agjencia Kombetare e Punesimit dhe Aftesive Tirane,,unknown - not seen in KPP
INST-0023,Agjencia Kombetare e Shoqerise se Informacionit,K72301452S,kpp_appeal.ak_nipt (name-matched)
INST-0024,Agjencia Kombetare e Turizmit,K51726009K,kpp_appeal.ak_nipt (name-matched)
INST-0025,Agjencia Kombetare e Zonave te Mbrojtura,L51505451H,kpp_appeal.ak_nipt (name-matched)
INST-0026,Agjencia Kombetare per Diasporen,,unknown - not seen in KPP
INST-0027,Agjencia Kombetare te Ujesjelles-Kanalizimeve,,unknown - not seen in KPP
INST-0028,Agjencia Kombëtare e Falimentimit,,unknown - not seen in KPP
INST-0029,Agjencia Kombëtare e Pyjeve,,unknown - not seen in KPP
INST-0030,Agjencia Kombëtare e Rinisë,,unknown - not seen in KPP
INST-0031,Agjencia Rajonale e Ekstensionit Bujqesor Korçe,,unknown - not seen in KPP
INST-0032,Agjencia Rajonale e Ekstensionit Bujqesor Lushnje,,unknown - not seen in KPP
INST-0033,Agjencia Rajonale e Ekstensionit Bujqesor Shkoder,,unknown - not seen in KPP
INST-0034,"Agjencia Rajonale e Mjedisit Berat, Korçë, Elbasan",,unknown - not seen in KPP
INST-0035,Agjencia Rajonale e Mjedisit Fier/Vlore/Gjirokaster,,unknown - not seen in KPP
INST-0036,Agjencia Shqiptare e Zhvillimit te Investimeve,,unknown - not seen in KPP
INST-0037,Agjencia Shteterore per Mbrojtjen e te Drejtave te Femijeve,,unknown - not seen in KPP
INST-0038,Agjencia Shtetërore për Shpronësimin,,unknown - not seen in KPP
INST-0039,Agjencia Telegrafike Shqiptare,,unknown - not seen in KPP
INST-0040,Agjencia e Administrimit Tregjeve Tirane,L72320451N,kpp_appeal.ak_nipt (name-matched)
INST-0041,Agjencia e Administrimit te Pasurive te Sekuestruara dhe te Konfiskuara,,unknown - not seen in KPP
INST-0042,Agjencia e Auditimit te Programeve te Asistences Akredituar nga BE,,unknown - not seen in KPP
INST-0043,Agjencia e Funksioneve te Patransferueshme Mat,,unknown - not seen in KPP
INST-0044,Agjencia e Funksioneve te Transferueshme Bashkia Mat,,unknown - not seen in KPP
INST-0045,Agjencia e Funksioneve te Trasnferueshme Bulqizë,,unknown - not seen in KPP
INST-0046,Agjencia e Funksioneve te Trasnferueshme Klos,,unknown - not seen in KPP
INST-0047,Agjencia e Industrise Kreative Tirane,,unknown - not seen in KPP
INST-0048,Agjencia e Inovacionit dhe Ekselences,,unknown - not seen in KPP
INST-0049,Agjencia e Inteligjencës Financiare,K52113005M,kpp_appeal.ak_nipt (name-matched)
INST-0050,Agjencia e Mbikeqyerjes dhe Kontrollit,,unknown - not seen in KPP
INST-0051,Agjencia e Mbikqyrjes Policore,,unknown - not seen in KPP
INST-0052,Agjencia e Mbikëqyrjes në Sistemin e Ekzekutimit të Vendimeve Penale,,unknown - not seen in KPP
INST-0053,Agjencia e Mbrojtjes se Konsumatorit,L12413451W,kpp_appeal.ak_nipt (name-matched)
INST-0054,Agjencia e Menaxhimit te Burimeve Ujore,,unknown - not seen in KPP
INST-0055,Agjencia e Menaxhimit te Garancive dhe Kredive te Pakthyera,,unknown - not seen in KPP
INST-0056,Agjencia e Parqeve Urbane,,unknown - not seen in KPP
INST-0057,Agjencia e Parqeve dhe Rekreacionit,L52205451C,kpp_appeal.ak_nipt (name-matched)
INST-0058,Agjencia e Prokurimit Publik,,unknown - not seen in KPP
INST-0059,Agjencia e Puneve Publike dhe Mirembajtjes Mirdite,L69203071Q,kpp_appeal.ak_nipt (name-matched)
INST-0060,Agjencia e Rinise dhe Mirëqenies Sociale,,unknown - not seen in KPP
INST-0061,Agjencia e Sherbimeve Funerale,J61902001Q,kpp_appeal.ak_nipt (name-matched)
INST-0062,Agjencia e Sherbimeve Komunale Divjake,,unknown - not seen in KPP
INST-0063,Agjencia e Sherbimeve Publike Bashkia Maliq,,unknown - not seen in KPP
INST-0064,Agjencia e Sherbimeve Publike Rurale Elbasan,K52906201E,kpp_appeal.ak_nipt (name-matched)
INST-0065,Agjencia e Sherbimeve Publike Urbane,,unknown - not seen in KPP
INST-0066,Agjencia e Shërbimeve Publike Berat,,unknown - not seen in KPP
INST-0067,Agjencia e Shërbimeve Publike Patos,,unknown - not seen in KPP
INST-0068,Agjencia e Sigurimit te Cilesise ne Arsimin e Larte,,unknown - not seen in KPP
INST-0069,Agjencia e Sigurimit te Cilesise se Arsimit Parauniversitar,,unknown - not seen in KPP
INST-0070,Agjencia e Sigurimit te Depozitave,K31419037P,kpp_appeal.ak_nipt (name-matched)
INST-0071,Agjencia e Trajtimit te Koncensioneve,,unknown - not seen in KPP
INST-0072,Agjencia e Trajtimit te Pronave,,unknown - not seen in KPP
INST-0073,Agjencia e Zhvillimit te Territorit,,unknown - not seen in KPP
INST-0074,Agjencia per Dialog dhe Bashkeqeverisje,L52428453P,kpp_appeal.ak_nipt (name-matched)
INST-0075,Agjencia per Efiçencen e Energjise,,unknown - not seen in KPP
INST-0076,Agjencia per Mbeshtetjen e Veteqeverisjes Vendore,,unknown - not seen in KPP
INST-0077,Agjencia per Zhvillim Bujqesor dhe Rural,,unknown - not seen in KPP
INST-0078,Agjencia për Media dhe Informim,,unknown - not seen in KPP
INST-0079,Agjensia Rajonale e Ekstensionit Bujqesor Tirane,,unknown - not seen in KPP
INST-0080,Agjensia Sherbimit Sportit,,unknown - not seen in KPP
INST-0081,Agjensia e Funksioneve te Patrasnferueshme Belsh,,unknown - not seen in KPP
INST-0082,Agjensia e Mbrojtes se Territorit Pogradec,,unknown - not seen in KPP
INST-0083,Agrokredit.sha,,unknown - not seen in KPP
INST-0084,Akademia e Shkencave,K01428003E,kpp_appeal.ak_nipt (name-matched)
INST-0085,Akademia e Sigurise Tirane,,unknown - not seen in KPP
INST-0086,Albanian Digital Solution sh.a,,unknown - not seen in KPP
INST-0087,Albanian Gas Service Company Sh.a,L82407006D,kpp_appeal.ak_nipt (name-matched)
INST-0088,Albanian Seaports Development Company,M21929501T,kpp_appeal.ak_nipt (name-matched)
INST-0089,Albcontrol,,unknown - not seen in KPP
INST-0090,Albgaz sh.a,,unknown - not seen in KPP
INST-0091,Arkivi Qendror Teknik i Ndertimit Tirane,,unknown - not seen in KPP
INST-0092,Arkivi Shteteror i Filmit,,unknown - not seen in KPP
INST-0093,Autoriteti Kombetar i Ushqimit,L01519452O,kpp_appeal.ak_nipt (name-matched)
INST-0094,Autoriteti Kombetar per Sigurine Kibernetike,,unknown - not seen in KPP
INST-0095,Autoriteti Kombetar per Sigurine dhe Emergjencat ne Miniera,,unknown - not seen in KPP
INST-0096,Autoriteti Kombëtar i Investigimit për Sigurinë e Operimit në Aviacionin Civil,,unknown - not seen in KPP
INST-0097,Autoriteti Kombëtar i Veterinarisë dhe Mbrojtjes së Bimëve,,unknown - not seen in KPP
INST-0098,Autoriteti Portual Durres,J61811536L,kpp_appeal.ak_nipt (name-matched)
INST-0099,Autoriteti Rrugor Shqiptar,J61915011T,kpp_appeal.ak_nipt (name-matched)
INST-0100,Autoriteti Shteteror per Informacionin Gjeohapesinor,,unknown - not seen in KPP
INST-0101,Autoriteti i Aviacionit Civil,L01927451M,kpp_appeal.ak_nipt (name-matched)
INST-0102,Autoriteti i Komunikimeve Elektronike dhe Postare ( ish ERT ),,unknown - not seen in KPP
INST-0103,Autoriteti i Konkurences,K51802016O,kpp_appeal.ak_nipt (name-matched)
INST-0104,Autoriteti i Kontrollit Shteteror te Eksporteve,,unknown - not seen in KPP
INST-0105,Autoriteti i Mbikqyrjes Financiare,K51525009W,kpp_appeal.ak_nipt (name-matched)
INST-0106,Autoriteti i Mbikqyrjes se Lojrave te Fatit,,unknown - not seen in KPP
INST-0107,Autoriteti i Mediave Audiovizive,K51802025N,kpp_appeal.ak_nipt (name-matched)
INST-0108,Autoriteti i Sigurise Hekurudhore,,unknown - not seen in KPP
INST-0109,Autoriteti per Informimin mbi Dokumentet e Ish-Sigurimit te Shtetit,,unknown - not seen in KPP
INST-0110,Avokati i Popullit,,unknown - not seen in KPP
INST-0111,Avokati i Shtetit,,unknown - not seen in KPP
INST-0112,BERAT CITY GREEN – BCG SH.A,,unknown - not seen in KPP
INST-0113,BURSA SHQIPTARE E ENERGJISË ELEKTRIKE SH.A - ALPEX,,unknown - not seen in KPP
INST-0114,Bajkaj Land Sh.a,L47411203R,kpp_appeal.ak_nipt (name-matched)
INST-0115,Banka Shqiptare Zhvillimit,,unknown - not seen in KPP
INST-0116,Bashkia Belsh,K52905209R,kpp_appeal.ak_nipt (name-matched)
INST-0117,Bashkia Berat,K52917009T,kpp_appeal.ak_nipt (name-matched)
INST-0118,Bashkia Bulqize,K46915401W,kpp_appeal.ak_nipt (name-matched)
INST-0119,Bashkia Cerrik,K52905208J,kpp_appeal.ak_nipt (name-matched)
INST-0120,Bashkia Delvine,,unknown - not seen in KPP
INST-0121,Bashkia Devoll,K46919609D,kpp_appeal.ak_nipt (name-matched)
INST-0122,Bashkia Diber,K46908711M,kpp_appeal.ak_nipt (name-matched)
INST-0123,Bashkia Dimal,K52917023I,kpp_appeal.ak_nipt (name-matched)
INST-0124,Bashkia Divjake,K54029405C,kpp_appeal.ak_nipt (name-matched)
INST-0125,Bashkia Dropull,K43522603V,kpp_appeal.ak_nipt (name-matched)
INST-0126,Bashkia Durres,K42006501R,kpp_appeal.ak_nipt (name-matched)
INST-0127,Bashkia Elbasan,K52905207B,kpp_appeal.ak_nipt (name-matched)
INST-0128,Bashkia Fier,K52905406F,kpp_appeal.ak_nipt (name-matched)
INST-0129,Bashkia Finiq,L54421991B,kpp_appeal.ak_nipt (name-matched)
INST-0130,Bashkia Fushe Arrez,K58811319A,kpp_appeal.ak_nipt (name-matched)
INST-0131,Bashkia Gjirokaster,K43025617O,kpp_appeal.ak_nipt (name-matched)
INST-0132,Bashkia Gramsh,K47103817T,kpp_appeal.ak_nipt (name-matched)
INST-0133,Bashkia Has,K46915905P,kpp_appeal.ak_nipt (name-matched)
INST-0134,Bashkia Himare,K56703211V,kpp_appeal.ak_nipt (name-matched)
INST-0135,Bashkia Kamez,K51713031R,kpp_appeal.ak_nipt (name-matched)
INST-0136,Bashkia Kavaje,K52903801C,kpp_appeal.ak_nipt (name-matched)
INST-0137,Bashkia Kelcyre,K49719215A,kpp_appeal.ak_nipt (name-matched)
INST-0138,Bashkia Klos,K48115926R,kpp_appeal.ak_nipt (name-matched)
INST-0139,Bashkia Kolonje,K48220001G,kpp_appeal.ak_nipt (name-matched)
INST-0140,Bashkia Konispol,K53725867O,kpp_appeal.ak_nipt (name-matched)
INST-0141,Bashkia Korce,K54105075C,kpp_appeal.ak_nipt (name-matched)
INST-0142,Bashkia Kruje,K54103206J,kpp_appeal.ak_nipt (name-matched)
INST-0143,Bashkia Kucove,K48504103D,kpp_appeal.ak_nipt (name-matched)
INST-0144,Bashkia Kukes,K57829201L,kpp_appeal.ak_nipt (name-matched)
INST-0145,Bashkia Kurbin,K57904312C,kpp_appeal.ak_nipt (name-matched)
INST-0146,Bashkia Lezhe,K57829503W,kpp_appeal.ak_nipt (name-matched)
INST-0147,Bashkia Libohove,K43128615Q,kpp_appeal.ak_nipt (name-matched)
INST-0148,Bashkia Librazhd,K57904611M,kpp_appeal.ak_nipt (name-matched)
INST-0149,Bashkia Lushnje,K54029409L,kpp_appeal.ak_nipt (name-matched)
INST-0150,Bashkia Malesi e Madhe,K48420701I,kpp_appeal.ak_nipt (name-matched)
INST-0151,Bashkia Maliq,K54105076K,kpp_appeal.ak_nipt (name-matched)
INST-0152,Bashkia Mallakaster,K47605816N,kpp_appeal.ak_nipt (name-matched)
INST-0153,Bashkia Mat,K48115913J,kpp_appeal.ak_nipt (name-matched)
INST-0154,Bashkia Memaliaj,K49322535M,kpp_appeal.ak_nipt (name-matched)
INST-0155,Bashkia Mirdite,K39004005W,kpp_appeal.ak_nipt (name-matched)
INST-0156,Bashkia Patos,K52903419D,kpp_appeal.ak_nipt (name-matched)
INST-0157,Bashkia Peqin,K49701113D,kpp_appeal.ak_nipt (name-matched)
INST-0158,Bashkia Permet,K49719214P,kpp_appeal.ak_nipt (name-matched)
INST-0159,Bashkia Pogradec,K44802605R,kpp_appeal.ak_nipt (name-matched)
INST-0160,Bashkia Polican,,unknown - not seen in KPP
INST-0161,Bashkia Prrenjas,K57904612U,kpp_appeal.ak_nipt (name-matched)
INST-0162,Bashkia Puke,K58811318P,kpp_appeal.ak_nipt (name-matched)
INST-0163,Bashkia Pustec,K54105062R,kpp_appeal.ak_nipt (name-matched)
INST-0164,Bashkia Roskovec,K52905407N,kpp_appeal.ak_nipt (name-matched)
INST-0165,Bashkia Rrogozhine,K52903802K,kpp_appeal.ak_nipt (name-matched)
INST-0166,Bashkia Sarande,K44328810T,kpp_appeal.ak_nipt (name-matched)
INST-0167,Bashkia Selenice,K56703212G,kpp_appeal.ak_nipt (name-matched)
INST-0168,Bashkia Shijak,K51703504A,kpp_appeal.ak_nipt (name-matched)
INST-0169,Bashkia Shkoder,K36813001H,kpp_appeal.ak_nipt (name-matched)
INST-0170,Bashkia Skrapar,K49312402D,kpp_appeal.ak_nipt (name-matched)
INST-0171,Bashkia Tepelene,,unknown - not seen in KPP
INST-0172,Bashkia Tirane,K11729002L,kpp_appeal.ak_nipt (name-matched)
INST-0173,Bashkia Tropoje,K49326606C,kpp_appeal.ak_nipt (name-matched)
INST-0174,Bashkia Vau Dejes,K56705007O,kpp_appeal.ak_nipt (name-matched)
INST-0175,Bashkia Vlore,K56703201O,kpp_appeal.ak_nipt (name-matched)
INST-0176,Bashkia Vore,K51713032C,kpp_appeal.ak_nipt (name-matched)
INST-0177,Biblioteka Kombetare,,unknown - not seen in KPP
INST-0178,Biblioteka Publike Durres,,unknown - not seen in KPP
INST-0179,Bordi i Mbikeqyrjes Publike,,unknown - not seen in KPP
INST-0180,Byroja Kombëtare e Hetimit,,unknown - not seen in KPP
INST-0181,DREJTORIA E RAJONIT QENDER LINDJE KORCE,,unknown - not seen in KPP
INST-0182,DURANA TECH PARK SH.A,,unknown - not seen in KPP
INST-0183,Dega e Doganes Berat,,unknown - not seen in KPP
INST-0184,Dega e Doganes Durres,,unknown - not seen in KPP
INST-0185,Dega e Doganes Elbasan,K52905222V,kpp_appeal.ak_nipt (name-matched)
INST-0186,Dega e Doganes Gjirokaster,,unknown - not seen in KPP
INST-0187,Dega e Doganes Lezhe,,unknown - not seen in KPP
INST-0188,Dega e Doganes Rinas,,unknown - not seen in KPP
INST-0189,Dega e Doganes Tirane,,unknown - not seen in KPP
INST-0190,Dega e Doganes Vlore,K56703268U,kpp_appeal.ak_nipt (name-matched)
INST-0191,Dega e Thesarit Elbasan,,unknown - not seen in KPP
INST-0192,Dega e Thesarit Gjirokaster,,unknown - not seen in KPP
INST-0193,Dega e Thesarit Gramsh,,unknown - not seen in KPP
INST-0194,Dega e Thesarit Korce,,unknown - not seen in KPP
INST-0195,Dega e Thesarit Kukes,,unknown - not seen in KPP
INST-0196,Dega e Thesarit Kuçove,,unknown - not seen in KPP
INST-0197,Dega e Thesarit M.Madhe,,unknown - not seen in KPP
INST-0198,Departamenti i Administrates Publike,,unknown - not seen in KPP
INST-0199,Drejtoria Rajonale  e Autoritetit Kombetar te Ushqimit Diber,,unknown - not seen in KPP
INST-0200,Drejtoria Rajonale Formimit Profesional Publik Durres,,unknown - not seen in KPP
INST-0201,Drejtoria Rajonale Formimit Profesional Publik Gjirokaster,,unknown - not seen in KPP
INST-0202,Drejtoria Rajonale Formimit Profesional Publik Nr.1 Tirane,,unknown - not seen in KPP
INST-0203,Drejtoria Rajonale Formimit Profesional Publik Nr.4 Tirane,,unknown - not seen in KPP
INST-0204,Drejtoria Rajonale e ALUIZNI Berat,,unknown - not seen in KPP
INST-0205,Drejtoria Rajonale e ASHK-se Kukes,,unknown - not seen in KPP
INST-0206,Drejtoria Rajonale e Agjencise Kombetare te Punesimit dhe Aftesive  Gjirokaster,,unknown - not seen in KPP
INST-0207,Drejtoria Rajonale e Agjencise Kombetare te Punesimit dhe Aftesive Shkoder,,unknown - not seen in KPP
INST-0208,Drejtoria Rajonale e Agjencise Kombetare te Punesimit dhe Aftesive Tirane,,unknown - not seen in KPP
INST-0209,Drejtoria Rajonale e Agjencisë Kombëtare të Punësimit dhe Aftësive Dibër,,unknown - not seen in KPP
INST-0210,Drejtoria Rajonale e Agjencisë Kombëtare të Punësimit dhe Aftësive Elbasan,,unknown - not seen in KPP
INST-0211,Drejtoria Rajonale e Agjencisë Kombëtare të Punësimit dhe Aftësive Fier,,unknown - not seen in KPP
INST-0212,Drejtoria Rajonale e Arsimit Parauniversitar Durres,,unknown - not seen in KPP
INST-0213,Drejtoria Rajonale e Arsimit Parauniversitar Fier,L92920531S,kpp_appeal.ak_nipt (name-matched)
INST-0214,Drejtoria Rajonale e Arsimit Parauniversitar Korçe,L94121132S,kpp_appeal.ak_nipt (name-matched)
INST-0215,Drejtoria Rajonale e Arsimit Parauniversitar Lezhe,L97922572Q,kpp_appeal.ak_nipt (name-matched)
INST-0216,Drejtoria Rajonale e Arsimit Parauniversitar Tirane,,unknown - not seen in KPP
INST-0217,Drejtoria Rajonale e Autoritetit Kombetar te Ushqimit  Fier,,unknown - not seen in KPP
INST-0218,Drejtoria Rajonale e Autoritetit Kombetar te Ushqimit  Vlore,,unknown - not seen in KPP
INST-0219,Drejtoria Rajonale e Autoritetit Kombetar te Ushqimit Berat,,unknown - not seen in KPP
INST-0220,Drejtoria Rajonale e Autoritetit Kombetar te Ushqimit Durres,,unknown - not seen in KPP
INST-0221,Drejtoria Rajonale e Autoritetit Kombetar te Ushqimit Elbasan,,unknown - not seen in KPP
INST-0222,Drejtoria Rajonale e Autoritetit Kombetar te Ushqimit Gjirokaster,,unknown - not seen in KPP
INST-0223,Drejtoria Rajonale e Autoritetit Kombetar te Ushqimit Korce,,unknown - not seen in KPP
INST-0224,Drejtoria Rajonale e Autoritetit Kombetar te Ushqimit Kukes,,unknown - not seen in KPP
INST-0225,Drejtoria Rajonale e Autoritetit Kombetar te Ushqimit Shkoder,,unknown - not seen in KPP
INST-0226,Drejtoria Rajonale e Autoritetit Kombetar te Ushqimit Tirane,,unknown - not seen in KPP
INST-0227,Drejtoria Rajonale e Fondit te Sigurimeve te Detyrueshem te Kujdesit Shendetesor Fier,,unknown - not seen in KPP
INST-0228,Drejtoria Rajonale e Fondit te Sigurimit te Detyrueshem te Kujdesit Shendetesor Lezhe,,unknown - not seen in KPP
INST-0229,Drejtoria Rajonale e Fondit te Sigurimit te Detyrueshem te Kujdesit Shendetesor Pogradec,,unknown - not seen in KPP
INST-0230,Drejtoria Rajonale e Kufirit dhe Migracionit Durres,,unknown - not seen in KPP
INST-0231,Drejtoria Rajonale e Kufirit dhe Migracionit Gjirokaster,,unknown - not seen in KPP
INST-0232,Drejtoria Rajonale e Kufirit dhe Migracionit Kukes,,unknown - not seen in KPP
INST-0233,Drejtoria Rajonale e Kufirit dhe Migracionit Tirane,,unknown - not seen in KPP
INST-0234,Drejtoria Rajonale e OSSH Berat,,unknown - not seen in KPP
INST-0235,Drejtoria Rajonale e OSSH Burrel,,unknown - not seen in KPP
INST-0236,Drejtoria Rajonale e OSSH Durres,,unknown - not seen in KPP
INST-0237,Drejtoria Rajonale e OSSH Elbasan,,unknown - not seen in KPP
INST-0238,Drejtoria Rajonale e OSSH Fier,,unknown - not seen in KPP
INST-0239,Drejtoria Rajonale e OSSH Gjirokaster,,unknown - not seen in KPP
INST-0240,Drejtoria Rajonale e OSSH Korce,,unknown - not seen in KPP
INST-0241,Drejtoria Rajonale e OSSH Kukes,,unknown - not seen in KPP
INST-0242,Drejtoria Rajonale e OSSH Shkoder,,unknown - not seen in KPP
INST-0243,Drejtoria Rajonale e OSSH Tirane,,unknown - not seen in KPP
INST-0244,Drejtoria Rajonale e OSSH Vlore,,unknown - not seen in KPP
INST-0245,Drejtoria Rajonale e Operatorit te Sherbimeve te Kujdesit Shendetesor Elbasan,,unknown - not seen in KPP
INST-0246,Drejtoria Rajonale e Operatorit te Sherbimeve te Kujdesit Shendetesor Shkoder,L96419131C,kpp_appeal.ak_nipt (name-matched)
INST-0247,Drejtoria Rajonale e Operatorit te Sherbimeve te Kujdesit Shendetesor Tirane,,unknown - not seen in KPP
INST-0248,Drejtoria Rajonale e Operatorit te Sherbimeve te Kujdesit Shendetesor Vlore,,unknown - not seen in KPP
INST-0249,Drejtoria Rajonale e Q.L.F.P.P.per Zonen Verilindore,,unknown - not seen in KPP
INST-0250,Drejtoria Rajonale e Shendetesise Kukes,,unknown - not seen in KPP
INST-0251,Drejtoria Rajonale e Sherbimit Kombetar te Punesimit Korce,,unknown - not seen in KPP
INST-0252,Drejtoria Rajonale e Sherbimit Kombetar te Punesimit Lezhe,,unknown - not seen in KPP
INST-0253,Drejtoria Rajonale e Sherbimit Social Shteteror Diber,,unknown - not seen in KPP
INST-0254,Drejtoria Rajonale e Sherbimit Veterinar dhe Mbrojtjes se Bimeve Tirane,,unknown - not seen in KPP
INST-0255,Drejtoria Rajonale e Sherbimit Veterinar dhe Mbrojtjes se Bimeve Vlore,,unknown - not seen in KPP
INST-0256,Drejtoria Rajonale e Sherbimit te Transportit Rrugor Berat,,unknown - not seen in KPP
INST-0257,Drejtoria Rajonale e Sherbimit te Transportit Rrugor Diber,,unknown - not seen in KPP
INST-0258,Drejtoria Rajonale e Sherbimit te Transportit Rrugor Durres,,unknown - not seen in KPP
INST-0259,Drejtoria Rajonale e Sherbimit te Transportit Rrugor Elbasan,,unknown - not seen in KPP
INST-0260,Drejtoria Rajonale e Sherbimit te Transportit Rrugor Fier,,unknown - not seen in KPP
INST-0261,Drejtoria Rajonale e Sherbimit te Transportit Rrugor Gjirokaster,,unknown - not seen in KPP
INST-0262,Drejtoria Rajonale e Sherbimit te Transportit Rrugor Korçe,,unknown - not seen in KPP
INST-0263,Drejtoria Rajonale e Sherbimit te Transportit Rrugor Kukes,,unknown - not seen in KPP
INST-0264,Drejtoria Rajonale e Sherbimit te Transportit Rrugor Lac,,unknown - not seen in KPP
INST-0265,Drejtoria Rajonale e Sherbimit te Transportit Rrugor Sarande,,unknown - not seen in KPP
INST-0266,Drejtoria Rajonale e Sherbimit te Transportit Rrugor Shkoder,,unknown - not seen in KPP
INST-0267,Drejtoria Rajonale e Sherbimit te Transportit Rrugor Tirane,,unknown - not seen in KPP
INST-0268,Drejtoria Rajonale e Sherbimit te Transportit Rrugor Vlore,K16909202I,kpp_appeal.ak_nipt (name-matched)
INST-0269,Drejtoria Rajonale e Shërbimit Veterinar dhe Mbrojtjes së Bimëve Elbasan,,unknown - not seen in KPP
INST-0270,Drejtoria Rajonale e Shërbimit Veterinar dhe Mbrojtjes së Bimëve Shkodër,,unknown - not seen in KPP
INST-0271,Drejtoria Rajonale e Sigurimeve Shoqerore Berat,K52917021P,kpp_appeal.ak_nipt (name-matched)
INST-0272,Drejtoria Rajonale e Sigurimeve Shoqerore Diber,K46908796Q,kpp_appeal.ak_nipt (name-matched)
INST-0273,Drejtoria Rajonale e Sigurimeve Shoqerore Durres,K42312504L,kpp_appeal.ak_nipt (name-matched)
INST-0274,Drejtoria Rajonale e Sigurimeve Shoqerore Elbasan,K52905210V,kpp_appeal.ak_nipt (name-matched)
INST-0275,Drejtoria Rajonale e Sigurimeve Shoqerore Fier,K52906428R,kpp_appeal.ak_nipt (name-matched)
INST-0276,Drejtoria Rajonale e Sigurimeve Shoqerore Gjirokaster,,unknown - not seen in KPP
INST-0277,Drejtoria Rajonale e Sigurimeve Shoqerore Korce,,unknown - not seen in KPP
INST-0278,Drejtoria Rajonale e Sigurimeve Shoqerore Kukes,,unknown - not seen in KPP
INST-0279,Drejtoria Rajonale e Sigurimeve Shoqerore Lezhe,,unknown - not seen in KPP
INST-0280,Drejtoria Rajonale e Sigurimeve Shoqerore Sarande,,unknown - not seen in KPP
INST-0281,Drejtoria Rajonale e Sigurimeve Shoqerore Tirane,K51802011U,kpp_appeal.ak_nipt (name-matched)
INST-0282,Drejtoria Rajonale e Sigurimeve Shoqerore Tropoje,,unknown - not seen in KPP
INST-0283,Drejtoria Rajonale e Sigurimeve Shoqerore Vlore,,unknown - not seen in KPP
INST-0284,Drejtoria Rajonale e Sigurimeve te Kujdesit Shendetesor Berat,,unknown - not seen in KPP
INST-0285,Drejtoria Rajonale e Sigurimeve te Kujdesit Shendetesor Diber,,unknown - not seen in KPP
INST-0286,Drejtoria Rajonale e Sigurimeve te Kujdesit Shendetesor Elbasan,,unknown - not seen in KPP
INST-0287,Drejtoria Rajonale e Sigurimeve te Kujdesit Shendetesor Kukes,,unknown - not seen in KPP
INST-0288,Drejtoria Rajonale e Sigurimeve te Kujdesit Shendetesor Tirane,,unknown - not seen in KPP
INST-0289,Drejtoria Rajonale e Sigurimeve te Kujdesit Shendetesor Vlore,,unknown - not seen in KPP
INST-0290,Drejtoria Rajonale e Sigurimit te Kujdesit Shendetesor Durres,,unknown - not seen in KPP
INST-0291,Drejtoria Rajonale e Tatimeve Diber,,unknown - not seen in KPP
INST-0292,Drejtoria Rajonale e Tatimeve Durres,,unknown - not seen in KPP
INST-0293,Drejtoria Rajonale e Tatimeve Gjirokaster,,unknown - not seen in KPP
INST-0294,Drejtoria Rajonale e Tatimeve Korce,,unknown - not seen in KPP
INST-0295,Drejtoria Rajonale e Tatimeve Kukes,,unknown - not seen in KPP
INST-0296,Drejtoria Rajonale e Trashegimise Kulturore Gjirokaster,,unknown - not seen in KPP
INST-0297,Drejtoria Rajonale e Trashegimise Kulturore Korçe,,unknown - not seen in KPP
INST-0298,Drejtoria Rajonale e Trashegimise Kulturore Shkoder,,unknown - not seen in KPP
INST-0299,Drejtoria Rajonale e Trashegimise Kulturore Tirane,,unknown - not seen in KPP
INST-0300,Drejtoria Rajonale e Trashegimise Kulturore Vlore,,unknown - not seen in KPP
INST-0301,Drejtoria SHISH Fier,,unknown - not seen in KPP
INST-0302,Drejtoria Vendore ASHK-se Tirana Jug,,unknown - not seen in KPP
INST-0303,Drejtoria Vendore ASHK-se Tirana Veri,,unknown - not seen in KPP
INST-0304,Drejtoria Vendore Zonat e Stimuluara,,unknown - not seen in KPP
INST-0305,Drejtoria Vendore e ASHK-se Elbasan,,unknown - not seen in KPP
INST-0306,Drejtoria Vendore e ASHK-se Fier,,unknown - not seen in KPP
INST-0307,Drejtoria Vendore e ASHK-se Lezhe,,unknown - not seen in KPP
INST-0308,Drejtoria Vendore e ASHK-se Lushnje,,unknown - not seen in KPP
INST-0309,Drejtoria Vendore e ASHK-se Shkoder,,unknown - not seen in KPP
INST-0310,Drejtoria Vendore e ASHK-se Tirane Rurale 1,,unknown - not seen in KPP
INST-0311,Drejtoria Vendore e ASHK-se Tirane Rurale 2,,unknown - not seen in KPP
INST-0312,Drejtoria Vendore e ASHK-se Vlore,,unknown - not seen in KPP
INST-0313,Drejtoria e Administrimit te Paketave Shendetesore dhe Ekzaminimeve Terciale,,unknown - not seen in KPP
INST-0314,Drejtoria e Antiterrorit,,unknown - not seen in KPP
INST-0315,Drejtoria e Arkivit Qendror te Sigurimeve Shoqerore,L31708452O,kpp_appeal.ak_nipt (name-matched)
INST-0316,Drejtoria e Artit dhe Kultures Fier,,unknown - not seen in KPP
INST-0317,Drejtoria e Bujqesise Administrimit te Pyjeve Ujrave e Sherbimit Veterinar Berat,,unknown - not seen in KPP
INST-0318,Drejtoria e Forces se Posaçme Operacionale,,unknown - not seen in KPP
INST-0319,Drejtoria e Konvikteve te Shkollave te Mesme,K51810003A,kpp_appeal.ak_nipt (name-matched)
INST-0320,Drejtoria e Ndihmes Juridike Falas,,unknown - not seen in KPP
INST-0321,Drejtoria e Pergjithshme Detare,L01921751A,kpp_appeal.ak_nipt (name-matched)
INST-0322,Drejtoria e Pergjithshme e Agjencise Shteterore e Kadastres,,unknown - not seen in KPP
INST-0323,Drejtoria e Pergjithshme e Akreditimit,,unknown - not seen in KPP
INST-0324,Drejtoria e Pergjithshme e Antikorrupsionit,,unknown - not seen in KPP
INST-0325,Drejtoria e Pergjithshme e Arkivave te Shtetit,,unknown - not seen in KPP
INST-0326,Drejtoria e Pergjithshme e Burgjeve,K51713051I,kpp_appeal.ak_nipt (name-matched)
INST-0327,Drejtoria e Pergjithshme e Doganave,J72122006U,kpp_appeal.ak_nipt (name-matched)
INST-0328,Drejtoria e Pergjithshme e Kopshtit Zoologjik,M41304451A,kpp_appeal.ak_nipt (name-matched)
INST-0329,Drejtoria e Pergjithshme e Metrologjise dhe Kalibrimit,,unknown - not seen in KPP
INST-0330,Drejtoria e Pergjithshme e Mirembajtjes se Objekteve Publike,,unknown - not seen in KPP
INST-0331,Drejtoria e Pergjithshme e Objekteve Publike Tirane,,unknown - not seen in KPP
INST-0332,Drejtoria e Pergjithshme e Pastrimit dhe Gjelberimit Tirane,,unknown - not seen in KPP
INST-0333,Drejtoria e Pergjithshme e Permbarimit,,unknown - not seen in KPP
INST-0334,Drejtoria e Pergjithshme e Policise se Shtetit,K12217003P,kpp_appeal.ak_nipt (name-matched)
INST-0335,Drejtoria e Pergjithshme e Pronesise Industriale,K51726018J,kpp_appeal.ak_nipt (name-matched)
INST-0336,Drejtoria e Pergjithshme e RTSH,J61904073W,kpp_appeal.ak_nipt (name-matched)
INST-0337,Drejtoria e Pergjithshme e Rrugeve dhe Ndriçimit Publik Tirane,K51725013K,kpp_appeal.ak_nipt (name-matched)
INST-0338,Drejtoria e Pergjithshme e Sherbimeve te Transportit Rrugor Tirane,J61904010C,kpp_appeal.ak_nipt (name-matched)
INST-0339,Drejtoria e Pergjithshme e Standartizimeve,,unknown - not seen in KPP
INST-0340,Drejtoria e Pergjithshme e Taksave dhe e Tarifave Vendore Tirane,,unknown - not seen in KPP
INST-0341,Drejtoria e Pergjithshme e Tatimeve,J61929017W,kpp_appeal.ak_nipt (name-matched)
INST-0342,Drejtoria e Pergjithshme e Çerdheve dhe Kopshteve Tirane,K51716047S,kpp_appeal.ak_nipt (name-matched)
INST-0343,Drejtoria e Pergjithshme per Kufirin dhe Migracionin,,unknown - not seen in KPP
INST-0344,Drejtoria e Policise Qarkut Korce,,unknown - not seen in KPP
INST-0345,Drejtoria e Policise Qarkut Lezhe,,unknown - not seen in KPP
INST-0346,Drejtoria e Policise Qarkut Tirane,J81620005Q,kpp_appeal.ak_nipt (name-matched)
INST-0347,Drejtoria e Përgjithshme e Arsimit Parauniversitar Bashkia Elbasan,,unknown - not seen in KPP
INST-0348,Drejtoria e Përgjithshme e Kulturës dhe Sportit,,unknown - not seen in KPP
INST-0349,Drejtoria e Rajonit Jugor Gjirokaster,,unknown - not seen in KPP
INST-0350,Drejtoria e Rajonit Qender Perendim (Tirane),,unknown - not seen in KPP
INST-0351,Drejtoria e SHISH Kukes,,unknown - not seen in KPP
INST-0352,Drejtoria e SHISH Shkoder,,unknown - not seen in KPP
INST-0353,Drejtoria e Shendetit Publik Bulqize,,unknown - not seen in KPP
INST-0354,Drejtoria e Shendetit Publik Delvine,,unknown - not seen in KPP
INST-0355,Drejtoria e Shendetit Publik Diber,K46908708P,kpp_appeal.ak_nipt (name-matched)
INST-0356,Drejtoria e Shendetit Publik Gjirokaster,,unknown - not seen in KPP
INST-0357,Drejtoria e Shendetit Publik Kolonje,,unknown - not seen in KPP
INST-0358,Drejtoria e Shendetit Publik Kruje,,unknown - not seen in KPP
INST-0359,Drejtoria e Shendetit Publik Mirdite,,unknown - not seen in KPP
INST-0360,Drejtoria e Shendetit Publik Pogradec,,unknown - not seen in KPP
INST-0361,Drejtoria e Shendetit Publik Sarande,,unknown - not seen in KPP
INST-0362,Drejtoria e Shendetit Publik Skrapar,,unknown - not seen in KPP
INST-0363,Drejtoria e Shendetit Publik Vlore,,unknown - not seen in KPP
INST-0364,Drejtoria e Sherbimeve Qeveritare,J61828071I,kpp_appeal.ak_nipt (name-matched)
INST-0365,Drejtoria e Sherbimeve te Peshkimit dhe Akuakultures Tirane,,unknown - not seen in KPP
INST-0366,Drejtoria e Sherbimit Memaliaj,M08803571H,kpp_appeal.ak_nipt (name-matched)
INST-0367,Drejtoria e Sherbimit Spitalor Bulqize,,unknown - not seen in KPP
INST-0368,Drejtoria e Sherbimit Spitalor Delvine,,unknown - not seen in KPP
INST-0369,Drejtoria e Sherbimit Spitalor Devoll,,unknown - not seen in KPP
INST-0370,Drejtoria e Sherbimit Spitalor Gramsh,K96915891W,kpp_appeal.ak_nipt (name-matched)
INST-0371,Drejtoria e Sherbimit Spitalor Has,K77925217F,kpp_appeal.ak_nipt (name-matched)
INST-0372,Drejtoria e Sherbimit Spitalor Kolonje,,unknown - not seen in KPP
INST-0373,Drejtoria e Sherbimit Spitalor Korce,K54105081A,kpp_appeal.ak_nipt (name-matched)
INST-0374,Drejtoria e Sherbimit Spitalor Kruje,K94223391H,kpp_appeal.ak_nipt (name-matched)
INST-0375,Drejtoria e Sherbimit Spitalor Kukes,K57829223S,kpp_appeal.ak_nipt (name-matched)
INST-0376,Drejtoria e Sherbimit Spitalor Kurbin,K97816391T,kpp_appeal.ak_nipt (name-matched)
INST-0377,Drejtoria e Sherbimit Spitalor Librazhd,K97922691B,kpp_appeal.ak_nipt (name-matched)
INST-0378,Drejtoria e Sherbimit Spitalor Malesi e Madhe,,unknown - not seen in KPP
INST-0379,Drejtoria e Sherbimit Spitalor Mallakaster,,unknown - not seen in KPP
INST-0380,Drejtoria e Sherbimit Spitalor Mat,K97702991F,kpp_appeal.ak_nipt (name-matched)
INST-0381,Drejtoria e Sherbimit Spitalor Mirdite,,unknown - not seen in KPP
INST-0382,Drejtoria e Sherbimit Spitalor Peqin,,unknown - not seen in KPP
INST-0383,Drejtoria e Sherbimit Spitalor Permet,,unknown - not seen in KPP
INST-0384,Drejtoria e Sherbimit Spitalor Pogradec,K93930791Q,kpp_appeal.ak_nipt (name-matched)
INST-0385,Drejtoria e Sherbimit Spitalor Puke,,unknown - not seen in KPP
INST-0386,Drejtoria e Sherbimit Spitalor Skrapar,,unknown - not seen in KPP
INST-0387,Drejtoria e Sherbimit Spitalor Tepelene,,unknown - not seen in KPP
INST-0388,Drejtoria e Sherbimit Spitalor Tropoje,,unknown - not seen in KPP
INST-0389,Drejtoria e Sherbimit te Mbrojtjes nga Zjarri dhe Shpetimit Shkoder,,unknown - not seen in KPP
INST-0390,Drejtoria e Spitalit Rajonal Diber,K46908707H,kpp_appeal.ak_nipt (name-matched)
INST-0391,Drejtoria e Spitalit Rajonal Durres,K42311504G,kpp_appeal.ak_nipt (name-matched)
INST-0392,Drejtoria e Spitalit Rajonal Gjirokaster,K43025616G,kpp_appeal.ak_nipt (name-matched)
INST-0393,Drejtoria e Spitalit Rajonal Lezhe,K57829534F,kpp_appeal.ak_nipt (name-matched)
INST-0394,Drejtoria e Spitalit Rajonal Shkoder,K56704021V,kpp_appeal.ak_nipt (name-matched)
INST-0395,Drejtoria e Spitalit Rajonal Vlore,K56703226W,kpp_appeal.ak_nipt (name-matched)
INST-0396,Drejtoria e Spitalit “Ihsan Çabej” Lushnje,K54029415J,kpp_appeal.ak_nipt (name-matched)
INST-0397,Drejtoria e Targave dhe Shtypshkrimeve Durres,,unknown - not seen in KPP
INST-0398,Drejtoria e Tensionit te Larte OSSH sh.a,,unknown - not seen in KPP
INST-0399,Drejtoria e Ujitjes dhe Kullimit Durres,K42316502P,kpp_appeal.ak_nipt (name-matched)
INST-0400,Drejtoria e Ujitjes dhe Kullimit Fier,K53001402U,kpp_appeal.ak_nipt (name-matched)
INST-0401,Drejtoria e Ujitjes dhe Kullimit Korce,J64104001I,kpp_appeal.ak_nipt (name-matched)
INST-0402,Drejtoria e Ujitjes dhe Kullimit Lezhe,K68315510P,kpp_appeal.ak_nipt (name-matched)
INST-0403,Drejtoria e Verifikimit dhe Koordinimit ne Terren Rajoni Jugor,,unknown - not seen in KPP
INST-0404,ECO Tirana,L61908027S,kpp_appeal.ak_nipt (name-matched)
INST-0405,ECO-ELB sh.a,,unknown - not seen in KPP
INST-0406,Enti Kombetar i Banesave Tirane,J61817049T,kpp_appeal.ak_nipt (name-matched)
INST-0407,Enti Rregullator i Energjise,K51717024I,kpp_appeal.ak_nipt (name-matched)
INST-0408,Enti Rregullator i Ujit,,unknown - not seen in KPP
INST-0409,Enti Shteteror i Farerave dhe Fidaneve,,unknown - not seen in KPP
INST-0410,FK Tomori 1923,,unknown - not seen in KPP
INST-0411,FONDACIONI “DURRAH CITY FOOTBALL ACADEMY”,,unknown - not seen in KPP
INST-0412,Fakulteti i Bujqësisë dhe Mjedisit Tiranë,,unknown - not seen in KPP
INST-0413,Fakulteti i Drejtesise,,unknown - not seen in KPP
INST-0414,Fakulteti i Gjuheve te Huaja,,unknown - not seen in KPP
INST-0415,Fakulteti i Historise dhe Filologjise,,unknown - not seen in KPP
INST-0416,Fakulteti i Mjekesise Tirane,,unknown - not seen in KPP
INST-0417,Fakulteti i Shkencave Mjekesore Teknike Tirane,,unknown - not seen in KPP
INST-0418,Fakulteti i Shkencave Sociale,,unknown - not seen in KPP
INST-0419,Fakulteti i Shkencave te Natyres,,unknown - not seen in KPP
INST-0420,Federata Shqiptare e Atletikes,,unknown - not seen in KPP
INST-0421,Federata Shqiptare e Boksit,,unknown - not seen in KPP
INST-0422,Federata Shqiptare e Qitjes Sportive,,unknown - not seen in KPP
INST-0423,Fondacioni Akademia  e Futbollit Luftetari,,unknown - not seen in KPP
INST-0424,Fondi Shqiptar i Zhvillimit,,unknown - not seen in KPP
INST-0425,Fondi i Sigurimit te Detyrueshem  te Kujdesit Shendetesor Tirane,J71412017P,kpp_appeal.ak_nipt (name-matched)
INST-0426,Galeria Kombetare e Arteve,,unknown - not seen in KPP
INST-0427,Galeria e Artit Tiranë,,unknown - not seen in KPP
INST-0428,Garda e Republikes,K51714008L,kpp_appeal.ak_nipt (name-matched)
INST-0429,Gjykata Administrative e Apelit Tirane,L32311451L,kpp_appeal.ak_nipt (name-matched)
INST-0430,Gjykata Administrative e Shkalles se Pare Tirane,L32311452T,kpp_appeal.ak_nipt (name-matched)
INST-0431,Gjykata Administrative e Shkallës së Parë Lushnje,,unknown - not seen in KPP
INST-0432,Gjykata Kushtetuese,K51714012Q,kpp_appeal.ak_nipt (name-matched)
INST-0433,Gjykata e Apelit Tirane,K22409003F,kpp_appeal.ak_nipt (name-matched)
INST-0434,Gjykata e Larte,K51714010A,kpp_appeal.ak_nipt (name-matched)
INST-0435,Gjykata e Posaçme e Apelit per Korrupsionin dhe Krimin e Organizuar,,unknown - not seen in KPP
INST-0436,Gjykata e Posaçme e Shkalles se Pare per Korrupsionin dhe Krimin e Organizuar,,unknown - not seen in KPP
INST-0437,Gjykata e Rrethit Gjyqesor Berat,,unknown - not seen in KPP
INST-0438,Gjykata e Rrethit Gjyqesor Durres,K51703516A,kpp_appeal.ak_nipt (name-matched)
INST-0439,Gjykata e Rrethit Gjyqesor Elbasan,K52905203P,kpp_appeal.ak_nipt (name-matched)
INST-0440,Gjykata e Rrethit Gjyqesor Fier,,unknown - not seen in KPP
INST-0441,Gjykata e Rrethit Gjyqesor Korce,,unknown - not seen in KPP
INST-0442,Gjykata e Rrethit Gjyqesor Kukes,,unknown - not seen in KPP
INST-0443,Gjykata e Rrethit Gjyqesor Lezhe,,unknown - not seen in KPP
INST-0444,Gjykata e Rrethit Gjyqesor Sarande,,unknown - not seen in KPP
INST-0445,Gjykata e Rrethit Gjyqesor Shkoder,,unknown - not seen in KPP
INST-0446,Gjykata e Rrethit Gjyqesor Tirane,K51714011I,kpp_appeal.ak_nipt (name-matched)
INST-0447,Gjykata e Shkalles se Pare e Juridiksionit te Pergjithshem Gjirokster,,unknown - not seen in KPP
INST-0448,Gjykata e Shkallës së Parë e Juridiksionit të Përgjithshëm Dibër,,unknown - not seen in KPP
INST-0449,Gjykata e Shkallës së Parë e Juridiksionit të Përgjithshëm Vlorë,,unknown - not seen in KPP
INST-0450,Green Belsh Sh.a,,unknown - not seen in KPP
INST-0451,Green Kolonja Sh.A,,unknown - not seen in KPP
INST-0452,HEC LANABREGAS sh.a,L41918001E,kpp_appeal.ak_nipt (name-matched)
INST-0453,Hekurudha Shqiptare sh.a,J61811547D,kpp_appeal.ak_nipt (name-matched)
INST-0454,ILLYRIAN GUARD SH.A,,unknown - not seen in KPP
INST-0455,INSTITUCIONI I EKZEKUTIMIT TE VENDIMEVE PENALE POJSKE,,unknown - not seen in KPP
INST-0456,Identitek Sh.a,M31613043O,kpp_appeal.ak_nipt (name-matched)
INST-0457,Inspektorati Kombetar i Mbrojtjes se Territorit,,unknown - not seen in KPP
INST-0458,Inspektorati Larte Deklarimit dhe Kontrollit Pasurive,K51714015R,kpp_appeal.ak_nipt (name-matched)
INST-0459,Inspektorati Qendror,,unknown - not seen in KPP
INST-0460,Inspektorati Shteteror Shendetesor Diber,,unknown - not seen in KPP
INST-0461,Inspektorati Shteteror Teknik dhe Industrial,K12028001C,kpp_appeal.ak_nipt (name-matched)
INST-0462,Inspektorati Shteteror i Mbikeqyrjes se Tregut,,unknown - not seen in KPP
INST-0463,Inspektorati Shteteror i Punes dhe Sherbimeve Shoqerore Tirane,,unknown - not seen in KPP
INST-0464,"Inspektorati i Mbrojtjes se Territorit, Bashkia Tirane",,unknown - not seen in KPP
INST-0465,Inspektori i Larte i Drejtesise,M01329452K,kpp_appeal.ak_nipt (name-matched)
INST-0466,Institucioni i Ekzekutimit Te Vendimeve Penale Burrel,,unknown - not seen in KPP
INST-0467,Institucioni i Ekzekutimit Te Vendimeve Penale Fushe Kruje,,unknown - not seen in KPP
INST-0468,Institucioni i Ekzekutimit Te Vendimeve Penale Jordan Misja Tirane,,unknown - not seen in KPP
INST-0469,Institucioni i Ekzekutimit Te Vendimeve Penale Korce,,unknown - not seen in KPP
INST-0470,Institucioni i Ekzekutimit Te Vendimeve Penale Lezhe,,unknown - not seen in KPP
INST-0471,Institucioni i Ekzekutimit Te Vendimeve Penale Paraburgimi Mine Peza,,unknown - not seen in KPP
INST-0472,Institucioni i Ekzekutimit Te Vendimeve Penale Paraburgimi Vlore,,unknown - not seen in KPP
INST-0473,Institucioni i Ekzekutimit Te Vendimeve Penale Paraburgimit Durres,,unknown - not seen in KPP
INST-0474,Institucioni i Ekzekutimit Te Vendimeve Penale Rrogozhine,,unknown - not seen in KPP
INST-0475,Institucioni i Ekzekutimit te Vendimeve Penale Berat,,unknown - not seen in KPP
INST-0476,Institucioni i Ekzekutimit te Vendimeve Penale Fier,,unknown - not seen in KPP
INST-0477,Institucioni i Ekzekutimit te Vendimeve Penale Kukes,,unknown - not seen in KPP
INST-0478,Institucioni i Ekzekutimit te Vendimeve Penale Paraburgimi Elbasan,,unknown - not seen in KPP
INST-0479,Institucioni i Ekzekutimit te Vendimeve Penale Shkoder,L87613771O,kpp_appeal.ak_nipt (name-matched)
INST-0480,Institucioni i Presidentit te Republikes,,unknown - not seen in KPP
INST-0481,Instituti Gjeografik Ushtarak,K51726024H,kpp_appeal.ak_nipt (name-matched)
INST-0482,Instituti Kombetar i Regjistrimit te Trashegimise Kulturore,,unknown - not seen in KPP
INST-0483,Instituti Kombetar i Trashegimise Kulturore,,unknown - not seen in KPP
INST-0484,Instituti i  Transportit Tirane,,unknown - not seen in KPP
INST-0485,Instituti i Fizikes Berthamore te Zbatuar,,unknown - not seen in KPP
INST-0486,Instituti i Integrimit te Perndjekurve Politike,,unknown - not seen in KPP
INST-0487,Instituti i Mjekesise Ligjore,K51723009S,kpp_appeal.ak_nipt (name-matched)
INST-0488,Instituti i Ndertimit,J91912001A,kpp_appeal.ak_nipt (name-matched)
INST-0489,Instituti i Nxenesve qe nuk degjojne,,unknown - not seen in KPP
INST-0490,Instituti i Nxenesve qe nuk shikojne,,unknown - not seen in KPP
INST-0491,Instituti i Pergatitjes se Qenve te Policise,,unknown - not seen in KPP
INST-0492,Instituti i Policisë Shkencore,,unknown - not seen in KPP
INST-0493,Instituti i Shendetit Publik Tirane,J61918024T,kpp_appeal.ak_nipt (name-matched)
INST-0494,Instituti i Sigurimeve Shoqerore,,unknown - not seen in KPP
INST-0495,Instituti i Sigurise Ushqimore dhe Veterinarise,,unknown - not seen in KPP
INST-0496,Instituti i Statistikave,J62106002W,kpp_appeal.ak_nipt (name-matched)
INST-0497,Instituti i Studimeve Europiane,,unknown - not seen in KPP
INST-0498,Instituti i Studimeve te Krimeve te Komunizmit,L11618454G,kpp_appeal.ak_nipt (name-matched)
INST-0499,Instituti i te Miturve Kavaje,,unknown - not seen in KPP
INST-0500,KAYO SHA,,unknown - not seen in KPP
INST-0501,Kantieri i Ndertimit dhe Riparimit te Anijeve Reparti Ushtarak Nr.6022,,unknown - not seen in KPP
INST-0502,Keshilli Kombetar i Kontabilitetit,,unknown - not seen in KPP
INST-0503,Keshilli i Larte Gjyqesor,K51717016R,kpp_appeal.ak_nipt (name-matched)
INST-0504,Keshilli i Larte i Prokurorise,L82426451Q,kpp_appeal.ak_nipt (name-matched)
INST-0505,Keshilli i Ministrave,,unknown - not seen in KPP
INST-0506,Keshilli i Qarkut Berat,,unknown - not seen in KPP
INST-0507,Keshilli i Qarkut Diber,K46908702N,kpp_appeal.ak_nipt (name-matched)
INST-0508,Keshilli i Qarkut Durres,K51704519G,kpp_appeal.ak_nipt (name-matched)
INST-0509,Keshilli i Qarkut Elbasan,,unknown - not seen in KPP
INST-0510,Keshilli i Qarkut Fier,K52903416C,kpp_appeal.ak_nipt (name-matched)
INST-0511,Keshilli i Qarkut Gjirokaster,K43128645O,kpp_appeal.ak_nipt (name-matched)
INST-0512,Keshilli i Qarkut Korce,,unknown - not seen in KPP
INST-0513,Keshilli i Qarkut Kukes,,unknown - not seen in KPP
INST-0514,Keshilli i Qarkut Lezhe,K57829502O,kpp_appeal.ak_nipt (name-matched)
INST-0515,Keshilli i Qarkut Shkoder,,unknown - not seen in KPP
INST-0516,Keshilli i Qarkut Tirane,K51714029K,kpp_appeal.ak_nipt (name-matched)
INST-0517,Keshilli i Qarkut Vlore,,unknown - not seen in KPP
INST-0518,Klinika Stomatologjike Universitare Tirane,,unknown - not seen in KPP
INST-0519,Klubi Shumesportesh Apollonia sh.a,,unknown - not seen in KPP
INST-0520,Klubi Shumesportesh Partizani,,unknown - not seen in KPP
INST-0521,Klubi Shumesportesh Skenderbeu Korçe,,unknown - not seen in KPP
INST-0522,Klubi Sportiv Flamurtari,,unknown - not seen in KPP
INST-0523,Klubi i Futbollit Lushnja 1930,,unknown - not seen in KPP
INST-0524,Klubi i Futbollit Teuta,,unknown - not seen in KPP
INST-0525,Klubi i Shumesporteve Teuta,K51704517N,kpp_appeal.ak_nipt (name-matched)
INST-0526,Kolegji i Posaçem i Apelimit,,unknown - not seen in KPP
INST-0527,"Komanda Mbeshtetese, Reparti Ushtarak Nr. 4001",,unknown - not seen in KPP
INST-0528,Komisariati I Policise Sarande,,unknown - not seen in KPP
INST-0529,Komisariati i NSH Tirane,,unknown - not seen in KPP
INST-0530,Komisariati i Policise Kufitare Sarande,,unknown - not seen in KPP
INST-0531,Komisariati i Policise Nderhyrjes Shpejte Fier,,unknown - not seen in KPP
INST-0532,Komisioneri per Mbikqyrjen e Sherbimit Civil,K51724007H,kpp_appeal.ak_nipt (name-matched)
INST-0533,Komisioneri per mbrojtjen nga diskriminimi,,unknown - not seen in KPP
INST-0534,Komisioneri per te Drejten e Informimit dhe Mbrojtjen e te dhenave personale,,unknown - not seen in KPP
INST-0535,Komisioni Qendror i Zgjedhjeve,K51714034A,kpp_appeal.ak_nipt (name-matched)
INST-0536,Komisioni i Prokurimit Publik,,unknown - not seen in KPP
INST-0537,Komiteti Olimpik Kombetar Shqiptar,,unknown - not seen in KPP
INST-0538,Komiteti Shqiptar i Biresimit,,unknown - not seen in KPP
INST-0539,Komiteti Shteteror i Minoriteteve,,unknown - not seen in KPP
INST-0540,Komiteti Shteteror per Kultet,,unknown - not seen in KPP
INST-0541,Kontrolli i Larte i Shtetit,K21908005G,kpp_appeal.ak_nipt (name-matched)
INST-0542,Korporata e Investimeve Shqiptare,,unknown - not seen in KPP
INST-0543,Kuvendi,J62120001P,kpp_appeal.ak_nipt (name-matched)
INST-0544,LEZHA INVEST SH.P.K,,unknown - not seen in KPP
INST-0545,Ministria e Arsimit,,unknown - not seen in KPP
INST-0546,Ministria e Brendshme,,unknown - not seen in KPP
INST-0547,Ministria e Bujqesise dhe Zhvillimit Rural,J62027011I,kpp_appeal.ak_nipt (name-matched)
INST-0548,Ministria e Drejtesise,K31702039B,kpp_appeal.ak_nipt (name-matched)
INST-0549,Ministria e Ekonomisë dhe Inovacionit,,unknown - not seen in KPP
INST-0550,Ministria e Financave,,unknown - not seen in KPP
INST-0551,Ministria e Infrastruktures dhe Energjise,L72413451B,kpp_appeal.ak_nipt (name-matched)
INST-0552,Ministria e Mbrojtjes,K51716025L,kpp_appeal.ak_nipt (name-matched)
INST-0553,Ministria e Mjedisit,,unknown - not seen in KPP
INST-0554,Ministria e Shendetesise dhe Mbrojtjes Sociale,J61908054N,kpp_appeal.ak_nipt (name-matched)
INST-0555,"Ministria e Turizmit,Kulturës dhe Sportit",,unknown - not seen in KPP
INST-0556,Ministria per Evropen dhe Punet e Jashtme,,unknown - not seen in KPP
INST-0557,Muzeu i Artit Mesjetar Korce,,unknown - not seen in KPP
INST-0558,Ndermarja e Pastrimit Fier,K43429402K,kpp_appeal.ak_nipt (name-matched)
INST-0559,Ndermarrja Industriale Nr.1 Tirane,J61827081K,kpp_appeal.ak_nipt (name-matched)
INST-0560,Ndermarrja Komunale Kucove,K48504115D,kpp_appeal.ak_nipt (name-matched)
INST-0561,Ndermarrja Rruga Durres,,unknown - not seen in KPP
INST-0562,Ndermarrja Sherbimeve Komunale Durres,J71610502R,kpp_appeal.ak_nipt (name-matched)
INST-0563,Ndermarrja Sherbimeve Komunale Plazh,J81906505I,kpp_appeal.ak_nipt (name-matched)
INST-0564,Ndermarrja e Gjelberimit Vlore,,unknown - not seen in KPP
INST-0565,Ndermarrja e Gjelberimit dhe Mirembajtjes se Varrezave Publike Bashkia Kamez,,unknown - not seen in KPP
INST-0566,Ndermarrja e Mirembajtjes se Infrastrukturave dhe Puneve Publike Pogradec,,unknown - not seen in KPP
INST-0567,Ndermarrja e Parqeve dhe Rekreacionit,,unknown - not seen in KPP
INST-0568,Ndermarrja e Pastrimit Kamez,,unknown - not seen in KPP
INST-0569,Ndermarrja e Pastrimit Vlorë,,unknown - not seen in KPP
INST-0570,Ndermarrja e Pasurive Publike Lushnje,K63717404A,kpp_appeal.ak_nipt (name-matched)
INST-0571,Ndermarrja e Prodhimit te Celiqeve Elbasan,,unknown - not seen in KPP
INST-0572,"Ndermarrja e Sherbimeve Mbeshtetese te Arsimit dhe Cerdhes, Korce",K54105037N,kpp_appeal.ak_nipt (name-matched)
INST-0573,Ndermarrja e Sherbimeve Publike Corovode,K49312434R,kpp_appeal.ak_nipt (name-matched)
INST-0574,Ndermarrja e Sherbimeve Publike Fier,K52906418K,kpp_appeal.ak_nipt (name-matched)
INST-0575,Ndermarrja e Sherbimeve Publike Himare,M56320331B,kpp_appeal.ak_nipt (name-matched)
INST-0576,Ndermarrja e Sherbimeve Publike Korce,K54105047U,kpp_appeal.ak_nipt (name-matched)
INST-0577,Ndermarrja e Sherbimeve Publike Mallakaster,,unknown - not seen in KPP
INST-0578,Ndermarrja e Sherbimeve Publike Roskovec,,unknown - not seen in KPP
INST-0579,Ndermarrja e Sherbimeve Publike Sarande,L13714993U,kpp_appeal.ak_nipt (name-matched)
INST-0580,Ndermarrja e Sherbimeve Publike Vlore,K56703210N,kpp_appeal.ak_nipt (name-matched)
INST-0581,Ndermarrja e Sherbimeve Publike Vore,,unknown - not seen in KPP
INST-0582,Ndermarrja e Trajtimit te Studenteve Korce,,unknown - not seen in KPP
INST-0583,Ndermarrja e Trajtimit te Studenteve Shkoder,,unknown - not seen in KPP
INST-0584,Ndermarrja e Trajtimit te Studenteve Vlore,,unknown - not seen in KPP
INST-0585,Ndermarrja e Ujitjes dhe Kullimit Fier,,unknown - not seen in KPP
INST-0586,Nderrmarrja e Sherbimeve dhe Puneve Publike,,unknown - not seen in KPP
INST-0587,Ndërmarrja e Dekorit dhe Eventeve Tirane,,unknown - not seen in KPP
INST-0588,Ndërmarrja e Menaxhimit të Mbetjeve Vlorë,,unknown - not seen in KPP
INST-0589,Ndërmarrja e Menaxhimit të Parqeve dhe Gjelbërimit Fier,,unknown - not seen in KPP
INST-0590,Ndërmarrja e Parqeve dhe Rekreacionit Kamëz,,unknown - not seen in KPP
INST-0591,Ndërmarrja e Shërbimeve Publike Kamez,M21326451O,kpp_appeal.ak_nipt (name-matched)
INST-0592,Njesia Periferike HEC Koman,,unknown - not seen in KPP
INST-0593,Njesia Periferike HEC Vau Dejes,,unknown - not seen in KPP
INST-0594,Njesia Vendore e Kujdesit Shendetesor Devoll,,unknown - not seen in KPP
INST-0595,Njesia Vendore e Kujdesit Shendetesor Durres,K51404501S,kpp_appeal.ak_nipt (name-matched)
INST-0596,Njesia Vendore e Kujdesit Shendetesor Elbasan,,unknown - not seen in KPP
INST-0597,Njesia Vendore e Kujdesit Shendetesor Fier,,unknown - not seen in KPP
INST-0598,Njesia Vendore e Kujdesit Shendetesor Gramsh,,unknown - not seen in KPP
INST-0599,Njesia Vendore e Kujdesit Shendetesor Kavaje,,unknown - not seen in KPP
INST-0600,Njesia Vendore e Kujdesit Shendetesor Korce,,unknown - not seen in KPP
INST-0601,Njesia Vendore e Kujdesit Shendetesor Kurbin,,unknown - not seen in KPP
INST-0602,Njesia Vendore e Kujdesit Shendetesor Kuçove,,unknown - not seen in KPP
INST-0603,Njesia Vendore e Kujdesit Shendetesor Lezhe,,unknown - not seen in KPP
INST-0604,Njesia Vendore e Kujdesit Shendetesor Lushnje,,unknown - not seen in KPP
INST-0605,Njesia Vendore e Kujdesit Shendetesor Malesi e Madhe,,unknown - not seen in KPP
INST-0606,Njesia Vendore e Kujdesit Shendetesor Permet,,unknown - not seen in KPP
INST-0607,Njesia Vendore e Kujdesit Shendetesor Shkoder,K56706004S,kpp_appeal.ak_nipt (name-matched)
INST-0608,Njesia Vendore e Kujdesit Shendetesor Tepelene,,unknown - not seen in KPP
INST-0609,Njesia Vendore e Kujdesit Shendetesor Tirane,K51724012U,kpp_appeal.ak_nipt (name-matched)
INST-0610,Njesia Vendore e Kujdesit Shendetesor Tropoje,K49326620O,kpp_appeal.ak_nipt (name-matched)
INST-0611,Njesia e Prodhimit HEC Fierze,,unknown - not seen in KPP
INST-0612,Njësia Vendore e Kujdesit Shëndetësor Berat,,unknown - not seen in KPP
INST-0613,OST Njesia Operative Burrel,,unknown - not seen in KPP
INST-0614,OST Njesia Operative Elbasan,,unknown - not seen in KPP
INST-0615,OST Njesia Operative Fier,,unknown - not seen in KPP
INST-0616,OST Njesia Operative Korce,,unknown - not seen in KPP
INST-0617,OST Njesia Operative Shkoder,,unknown - not seen in KPP
INST-0618,OST Njesia Operative Tirane,,unknown - not seen in KPP
INST-0619,OST Njesia e Mirembajtjes se Transmetimit,,unknown - not seen in KPP
INST-0620,Opera Divina Prov. Madonnina D. Grappa,,unknown - not seen in KPP
INST-0621,Operatori i Blerjeve te Perqendruara,,unknown - not seen in KPP
INST-0622,Operatori i Sherbimeve te Kujdesit Shendetesor,L91311451N,kpp_appeal.ak_nipt (name-matched)
INST-0623,Operatori i Shperndarjes se Energjise Elektrike Group sh.a,K72410014H,kpp_appeal.ak_nipt (name-matched)
INST-0624,Operatori i Shërbimeve të Integruara Shëndetësore Sh.A,,unknown - not seen in KPP
INST-0625,Operatori i Shërbimeve të Integruara të Sterilizimit Sh.A,M61320015P,kpp_appeal.ak_nipt (name-matched)
INST-0626,Operatori i Sistemit te Transmetimit OST,,unknown - not seen in KPP
INST-0627,Prefekti i Qarkut Berat,,unknown - not seen in KPP
INST-0628,Prefekti i Qarkut Diber,,unknown - not seen in KPP
INST-0629,Prefekti i Qarkut Fier,,unknown - not seen in KPP
INST-0630,Prefekti i Qarkut Gjirokaster,,unknown - not seen in KPP
INST-0631,Prefekti i Qarkut Korce,,unknown - not seen in KPP
INST-0632,Prefekti i Qarkut Kukes,,unknown - not seen in KPP
INST-0633,Prefekti i Qarkut Shkoder,,unknown - not seen in KPP
INST-0634,Prefekti i Qarkut Vlore,,unknown - not seen in KPP
INST-0635,Prokuroria e Apelit Tirane,,unknown - not seen in KPP
INST-0636,Prokuroria e Posaçme Kunder Korrupsionit dhe Krimit te Organizuar,,unknown - not seen in KPP
INST-0637,Prokuroria e Rrethit Gjyqesor Diber,,unknown - not seen in KPP
INST-0638,Prokuroria e Rrethit Gjyqesor Durres,,unknown - not seen in KPP
INST-0639,Prokuroria e Rrethit Gjyqesor Elbasan,K52905201W,kpp_appeal.ak_nipt (name-matched)
INST-0640,Prokuroria e Rrethit Gjyqesor Fier,,unknown - not seen in KPP
INST-0641,Prokuroria e Rrethit Gjyqesor Gjirokaster,,unknown - not seen in KPP
INST-0642,Prokuroria e Rrethit Gjyqesor Korce,,unknown - not seen in KPP
INST-0643,Prokuroria e Rrethit Gjyqesor Sarande,,unknown - not seen in KPP
INST-0644,Prokuroria e Rrethit Gjyqesor Shkoder,,unknown - not seen in KPP
INST-0645,Prokuroria e Rrethit Gjyqesor Tirane,K51716045C,kpp_appeal.ak_nipt (name-matched)
INST-0646,Prokuroria e Rrethit Gjyqesor Vlore,,unknown - not seen in KPP
INST-0647,Qendra Arsimore Pogradec,L64119732I,kpp_appeal.ak_nipt (name-matched)
INST-0648,Qendra Balneare Peshkopi,,unknown - not seen in KPP
INST-0649,Qendra Ditore Polivalente Kamez,,unknown - not seen in KPP
INST-0650,Qendra Ditore Polivalente Sarande,,unknown - not seen in KPP
INST-0651,Qendra Ditore e te Moshuarve Durres,,unknown - not seen in KPP
INST-0652,Qendra Ekonomike e Arsimit Bashkia Berat,K52917025B,kpp_appeal.ak_nipt (name-matched)
INST-0653,Qendra Ekonomike e Arsimit Bashkia Durres,,unknown - not seen in KPP
INST-0654,Qendra Ekonomike e Arsimit Bashkia Fier,K52906414B,kpp_appeal.ak_nipt (name-matched)
INST-0655,Qendra Ekonomike e Arsimit Bashkia Kucove,K48504106E,kpp_appeal.ak_nipt (name-matched)
INST-0656,Qendra Kombetare Pritese e Viktimave te Trafikimit,,unknown - not seen in KPP
INST-0657,Qendra Kombetare Teknike Bio-Mjekesore,,unknown - not seen in KPP
INST-0658,Qendra Kombetare e Biznesit,,unknown - not seen in KPP
INST-0659,Qendra Kombetare e Kinematografise,,unknown - not seen in KPP
INST-0660,Qendra Kombetare e Kultures per Femije,,unknown - not seen in KPP
INST-0661,Qendra Kombetare e Trajtimit te Viktimave te Dhunes ne Familje,,unknown - not seen in KPP
INST-0662,Qendra Kombetare e Transfuzionit te Gjakut Tirane,,unknown - not seen in KPP
INST-0663,Qendra Kombetare e Urgjences Mjekesore,K51726008C,kpp_appeal.ak_nipt (name-matched)
INST-0664,Qendra Kombetare e Veprimtarive Folklorike,,unknown - not seen in KPP
INST-0665,Qendra Komunitare Multidisiplinare Tirane,,unknown - not seen in KPP
INST-0666,Qendra Komunitare Shkoze Tirane,L31612451A,kpp_appeal.ak_nipt (name-matched)
INST-0667,Qendra Komunitare Sociale Streheza,L91405451F,kpp_appeal.ak_nipt (name-matched)
INST-0668,Qendra Komunitare Te Qendrojme se Bashku,K71616019M,kpp_appeal.ak_nipt (name-matched)
INST-0669,Qendra Komunitare e Terrenit,,unknown - not seen in KPP
INST-0670,Qendra Komunitare për Personat me Aftësi të Kufizuar Tiranë,,unknown - not seen in KPP
INST-0671,Qendra Kulturore Durres,,unknown - not seen in KPP
INST-0672,Qendra Kulturore Margarita Tutulani Berat,K52917024Q,kpp_appeal.ak_nipt (name-matched)
INST-0673,Qendra Kulturore Tirana,,unknown - not seen in KPP
INST-0674,Qendra Kulturore Vlore,,unknown - not seen in KPP
INST-0675,Qendra Kulturore dhe Klubi Sportiv Lushnje,,unknown - not seen in KPP
INST-0676,Qendra Kulturore e Femijeve Durres,,unknown - not seen in KPP
INST-0677,Qendra Multifunksionale Pogradec Sh.a,,unknown - not seen in KPP
INST-0678,"Qendra Muzeore Berat-Muzeu i Ikonografise “ONUFRI”, Muzeu Etnografik Berat",,unknown - not seen in KPP
INST-0679,Qendra Muzeore Durres,,unknown - not seen in KPP
INST-0680,Qendra Nderinstitucionale Operacionale Detare,,unknown - not seen in KPP
INST-0681,Qendra Nderinstitucionale e Rrjetit Akademik Shqiptar,L12207451J,kpp_appeal.ak_nipt (name-matched)
INST-0682,Qendra Polivalente per Sherbime te Perkujdesit Shoqeror Polican,,unknown - not seen in KPP
INST-0683,Qendra Rajonale e Inovacionit te Insitutit Evropian te Teknologjise dhe Inovacionit per Lendet ePara,,unknown - not seen in KPP
INST-0684,Qendra Rinore Ten,,unknown - not seen in KPP
INST-0685,Qendra Shendetesore  Vertop Berat,,unknown - not seen in KPP
INST-0686,Qendra Shendetesore Ana e Malit,,unknown - not seen in KPP
INST-0687,Qendra Shendetesore Balldre,,unknown - not seen in KPP
INST-0688,Qendra Shendetesore Bathore,,unknown - not seen in KPP
INST-0689,Qendra Shendetesore Belsh,,unknown - not seen in KPP
INST-0690,Qendra Shendetesore Berdice Shkoder,,unknown - not seen in KPP
INST-0691,Qendra Shendetesore Berxulle Tirane,,unknown - not seen in KPP
INST-0692,Qendra Shendetesore Bicaj Kukes,,unknown - not seen in KPP
INST-0693,Qendra Shendetesore Bradashesh Elbasan,,unknown - not seen in KPP
INST-0694,Qendra Shendetesore Brataj,,unknown - not seen in KPP
INST-0695,Qendra Shendetesore Bregu i Lumit,,unknown - not seen in KPP
INST-0696,Qendra Shendetesore Bubullime Lushnje,,unknown - not seen in KPP
INST-0697,Qendra Shendetesore Bucimas,,unknown - not seen in KPP
INST-0698,Qendra Shendetesore Bulgarec Qender Korce,,unknown - not seen in KPP
INST-0699,Qendra Shendetesore Cakran,,unknown - not seen in KPP
INST-0700,Qendra Shendetesore Cerrave,,unknown - not seen in KPP
INST-0701,Qendra Shendetesore Cerrik,,unknown - not seen in KPP
INST-0702,Qendra Shendetesore Dajc Shkoder,,unknown - not seen in KPP
INST-0703,Qendra Shendetesore Dardhas,,unknown - not seen in KPP
INST-0704,Qendra Shendetesore Divjak Lushnje,,unknown - not seen in KPP
INST-0705,Qendra Shendetesore Dushk,,unknown - not seen in KPP
INST-0706,Qendra Shendetesore Fajza-Gjinaj  Has,,unknown - not seen in KPP
INST-0707,Qendra Shendetesore Fan,,unknown - not seen in KPP
INST-0708,Qendra Shendetesore Fier,,unknown - not seen in KPP
INST-0709,Qendra Shendetesore Fierze Belesh Elbasan,,unknown - not seen in KPP
INST-0710,Qendra Shendetesore Frakull Fier,,unknown - not seen in KPP
INST-0711,Qendra Shendetesore Fratar Mallakaster,,unknown - not seen in KPP
INST-0712,Qendra Shendetesore Fushe Arrez,,unknown - not seen in KPP
INST-0713,Qendra Shendetesore Fushe Bulqize,,unknown - not seen in KPP
INST-0714,Qendra Shendetesore Fushe Cidhen,,unknown - not seen in KPP
INST-0715,Qendra Shendetesore Fushe Kruje,,unknown - not seen in KPP
INST-0716,Qendra Shendetesore Gjocaj,,unknown - not seen in KPP
INST-0717,Qendra Shendetesore Golaj,,unknown - not seen in KPP
INST-0718,Qendra Shendetesore Golem Kavaje,,unknown - not seen in KPP
INST-0719,Qendra Shendetesore Gose Kavaje,,unknown - not seen in KPP
INST-0720,Qendra Shendetesore Gostime,,unknown - not seen in KPP
INST-0721,Qendra Shendetesore Gracen Elbasan,,unknown - not seen in KPP
INST-0722,Qendra Shendetesore Gradisht,,unknown - not seen in KPP
INST-0723,Qendra Shendetesore Himare,,unknown - not seen in KPP
INST-0724,Qendra Shendetesore Hotolisht Librazhd,,unknown - not seen in KPP
INST-0725,Qendra Shendetesore Iballe,,unknown - not seen in KPP
INST-0726,Qendra Shendetesore Kallmet Lezhe,,unknown - not seen in KPP
INST-0727,Qendra Shendetesore Kamez,,unknown - not seen in KPP
INST-0728,Qendra Shendetesore Kastrat Malesi e Madhe,,unknown - not seen in KPP
INST-0729,Qendra Shendetesore Katund i Ri Durres,,unknown - not seen in KPP
INST-0730,Qendra Shendetesore Kavaje,,unknown - not seen in KPP
INST-0731,Qendra Shendetesore Kelcyre,,unknown - not seen in KPP
INST-0732,Qendra Shendetesore Kelmend,,unknown - not seen in KPP
INST-0733,Qendra Shendetesore Kenete Durres,,unknown - not seen in KPP
INST-0734,Qendra Shendetesore Klos Mat,,unknown - not seen in KPP
INST-0735,Qendra Shendetesore Koder Kamez Tirane,K71322006C,kpp_appeal.ak_nipt (name-matched)
INST-0736,Qendra Shendetesore Kodovjat,,unknown - not seen in KPP
INST-0737,Qendra Shendetesore Kolonje Lushnje,,unknown - not seen in KPP
INST-0738,Qendra Shendetesore Komsi Mat,,unknown - not seen in KPP
INST-0739,Qendra Shendetesore Konispol Sarande,,unknown - not seen in KPP
INST-0740,Qendra Shendetesore Kozare,,unknown - not seen in KPP
INST-0741,Qendra Shendetesore Kruje,,unknown - not seen in KPP
INST-0742,Qendra Shendetesore Krume,,unknown - not seen in KPP
INST-0743,Qendra Shendetesore Kryevidh Kavaje,,unknown - not seen in KPP
INST-0744,Qendra Shendetesore Ksmail Sarande,,unknown - not seen in KPP
INST-0745,Qendra Shendetesore Kthelle Mirdite,,unknown - not seen in KPP
INST-0746,Qendra Shendetesore Kucove,,unknown - not seen in KPP
INST-0747,Qendra Shendetesore Kukes,,unknown - not seen in KPP
INST-0748,Qendra Shendetesore Labinot Mal Elbasan,,unknown - not seen in KPP
INST-0749,Qendra Shendetesore Lekaj,,unknown - not seen in KPP
INST-0750,Qendra Shendetesore Libofshe Fier,,unknown - not seen in KPP
INST-0751,Qendra Shendetesore Libohove,,unknown - not seen in KPP
INST-0752,Qendra Shendetesore Llugaj Tropoje,,unknown - not seen in KPP
INST-0753,Qendra Shendetesore Lumas Berat,,unknown - not seen in KPP
INST-0754,Qendra Shendetesore Luz i Vogel,,unknown - not seen in KPP
INST-0755,Qendra Shendetesore Maliq,,unknown - not seen in KPP
INST-0756,Qendra Shendetesore Maminas Durres,,unknown - not seen in KPP
INST-0757,Qendra Shendetesore Mamurras,,unknown - not seen in KPP
INST-0758,Qendra Shendetesore Manez Durres,,unknown - not seen in KPP
INST-0759,Qendra Shendetesore Maqellare Diber,,unknown - not seen in KPP
INST-0760,Qendra Shendetesore Mollas Elbasan,,unknown - not seen in KPP
INST-0761,Qendra Shendetesore Narte Vlore,K76323203F,kpp_appeal.ak_nipt (name-matched)
INST-0762,Qendra Shendetesore Ndroq,,unknown - not seen in KPP
INST-0763,Qendra Shendetesore Nikel Kruje,,unknown - not seen in KPP
INST-0764,Qendra Shendetesore Nr.1 Berat,,unknown - not seen in KPP
INST-0765,Qendra Shendetesore Nr.1 Durres,,unknown - not seen in KPP
INST-0766,Qendra Shendetesore Nr.1 Lushnje,,unknown - not seen in KPP
INST-0767,Qendra Shendetesore Nr.1 Shkoder,,unknown - not seen in KPP
INST-0768,Qendra Shendetesore Nr.10 Tirane,,unknown - not seen in KPP
INST-0769,Qendra Shendetesore Nr.2 Berat,,unknown - not seen in KPP
INST-0770,Qendra Shendetesore Nr.2 Lushnje,,unknown - not seen in KPP
INST-0771,Qendra Shendetesore Nr.2 Shkoder,,unknown - not seen in KPP
INST-0772,Qendra Shendetesore Nr.2 Vlore,,unknown - not seen in KPP
INST-0773,Qendra Shendetesore Nr.3 Durres,,unknown - not seen in KPP
INST-0774,Qendra Shendetesore Nr.3 Elbasan,,unknown - not seen in KPP
INST-0775,Qendra Shendetesore Nr.3 Tirane,,unknown - not seen in KPP
INST-0776,Qendra Shendetesore Nr.4  Elbasan,,unknown - not seen in KPP
INST-0777,Qendra Shendetesore Nr.4  Tirane,,unknown - not seen in KPP
INST-0778,Qendra Shendetesore Nr.4 Durres,,unknown - not seen in KPP
INST-0779,Qendra Shendetesore Nr.4 Shkoder,,unknown - not seen in KPP
INST-0780,Qendra Shendetesore Nr.5 Tirane,,unknown - not seen in KPP
INST-0781,Qendra Shendetesore Nr.6 Tirane,,unknown - not seen in KPP
INST-0782,Qendra Shendetesore Nr.7 Durres,,unknown - not seen in KPP
INST-0783,Qendra Shendetesore Nr.7 Tirane,K71322010H,kpp_appeal.ak_nipt (name-matched)
INST-0784,Qendra Shendetesore Nr.8 Tirane,,unknown - not seen in KPP
INST-0785,Qendra Shendetesore Nr.9 Tirane,,unknown - not seen in KPP
INST-0786,Qendra Shendetesore Orosh,,unknown - not seen in KPP
INST-0787,Qendra Shendetesore Paper,,unknown - not seen in KPP
INST-0788,Qendra Shendetesore Paskuqan,,unknown - not seen in KPP
INST-0789,Qendra Shendetesore Pellumb Dollani Polican,,unknown - not seen in KPP
INST-0790,Qendra Shendetesore Perondi,,unknown - not seen in KPP
INST-0791,Qendra Shendetesore Peshkopi,,unknown - not seen in KPP
INST-0792,Qendra Shendetesore Petrele,,unknown - not seen in KPP
INST-0793,Qendra Shendetesore Peze Tirane,,unknown - not seen in KPP
INST-0794,Qendra Shendetesore Pogon-Zagori,,unknown - not seen in KPP
INST-0795,Qendra Shendetesore Pogradec,,unknown - not seen in KPP
INST-0796,Qendra Shendetesore Pojan,,unknown - not seen in KPP
INST-0797,Qendra Shendetesore Poshnje Berat,,unknown - not seen in KPP
INST-0798,Qendra Shendetesore Proptisht,,unknown - not seen in KPP
INST-0799,Qendra Shendetesore Pult,,unknown - not seen in KPP
INST-0800,Qendra Shendetesore Qender Potom Leshnje,,unknown - not seen in KPP
INST-0801,Qendra Shendetesore Qytet Studenti Tirane,,unknown - not seen in KPP
INST-0802,Qendra Shendetesore Rajoni Nr.1 Korçe,,unknown - not seen in KPP
INST-0803,Qendra Shendetesore Rajoni Nr.3 Korçe,,unknown - not seen in KPP
INST-0804,Qendra Shendetesore Roshnik Berat,,unknown - not seen in KPP
INST-0805,Qendra Shendetesore Roskovec,,unknown - not seen in KPP
INST-0806,Qendra Shendetesore Rrashbull Durres,,unknown - not seen in KPP
INST-0807,Qendra Shendetesore Rreshen,,unknown - not seen in KPP
INST-0808,Qendra Shendetesore Rrethine Shkoder,,unknown - not seen in KPP
INST-0809,Qendra Shendetesore Rrogozhine,,unknown - not seen in KPP
INST-0810,Qendra Shendetesore Rubik Mirdite,,unknown - not seen in KPP
INST-0811,Qendra Shendetesore Sarande,,unknown - not seen in KPP
INST-0812,Qendra Shendetesore Selenice,,unknown - not seen in KPP
INST-0813,Qendra Shendetesore Selite Tirane,,unknown - not seen in KPP
INST-0814,Qendra Shendetesore Shale Shkoder,,unknown - not seen in KPP
INST-0815,Qendra Shendetesore Sheze,,unknown - not seen in KPP
INST-0816,Qendra Shendetesore Shijak Durres,,unknown - not seen in KPP
INST-0817,Qendra Shendetesore Shirgjan Elbasan,,unknown - not seen in KPP
INST-0818,Qendra Shendetesore Shishtavec,,unknown - not seen in KPP
INST-0819,Qendra Shendetesore Shkoze Tirane,,unknown - not seen in KPP
INST-0820,Qendra Shendetesore Shllak-Temal,,unknown - not seen in KPP
INST-0821,Qendra Shendetesore Shtiqen,,unknown - not seen in KPP
INST-0822,Qendra Shendetesore Shushice Elbasan,,unknown - not seen in KPP
INST-0823,Qendra Shendetesore Shushice Vlore,,unknown - not seen in KPP
INST-0824,Qendra Shendetesore Stravaj Librazhd,,unknown - not seen in KPP
INST-0825,Qendra Shendetesore Suc Mat,,unknown - not seen in KPP
INST-0826,Qendra Shendetesore Sukth Durres,,unknown - not seen in KPP
INST-0827,Qendra Shendetesore Thoma Rrudha Patos,,unknown - not seen in KPP
INST-0828,Qendra Shendetesore Thumane Kruje,,unknown - not seen in KPP
INST-0829,Qendra Shendetesore Tomin Diber,,unknown - not seen in KPP
INST-0830,Qendra Shendetesore Trebinje Pogradec,,unknown - not seen in KPP
INST-0831,Qendra Shendetesore Tropoje,,unknown - not seen in KPP
INST-0832,Qendra Shendetesore Ura Vajgurore Berat,,unknown - not seen in KPP
INST-0833,Qendra Shendetesore Vau Dejes Shkoder,,unknown - not seen in KPP
INST-0834,Qendra Shendetesore Velabisht Berat,,unknown - not seen in KPP
INST-0835,Qendra Shendetesore Velcan Pogradec,,unknown - not seen in KPP
INST-0836,Qendra Shendetesore Velipoje,,unknown - not seen in KPP
INST-0837,Qendra Shendetesore Vllahine,,unknown - not seen in KPP
INST-0838,Qendra Shendetesore Vore Tirane,,unknown - not seen in KPP
INST-0839,Qendra Shendetesore Vranisht,,unknown - not seen in KPP
INST-0840,Qendra Shendetesore Vreshtas Korce,,unknown - not seen in KPP
INST-0841,Qendra Shendetesore Xhafzotaj,,unknown - not seen in KPP
INST-0842,Qendra Shendetesore Zerqan,,unknown - not seen in KPP
INST-0843,Qendra Shendetesore e Specialiteteve Nr. 3 Tirane,,unknown - not seen in KPP
INST-0844,Qendra Shendetesore e Specialiteteve Nr.1,K71322027B,kpp_appeal.ak_nipt (name-matched)
INST-0845,Qendra Shendetesore e Specialiteteve Nr.2,,unknown - not seen in KPP
INST-0846,Qendra Sociale Gonxhe Bojaxhi,L82404452J,kpp_appeal.ak_nipt (name-matched)
INST-0847,Qendra Socio-Shendetesore Kashar,,unknown - not seen in KPP
INST-0848,Qendra Socio-Shendetesore Nr.1 Tirane,,unknown - not seen in KPP
INST-0849,Qendra Socio-Shendetesore Nr.2 Durres,,unknown - not seen in KPP
INST-0850,Qendra Socio-Shendetesore Nr.2 Tirane,,unknown - not seen in KPP
INST-0851,Qendra Spitalore Rajonale Berat,,unknown - not seen in KPP
INST-0852,Qendra Spitalore Rajonale e Tiranes Shefqet Ndroqi,J62005009B,kpp_appeal.ak_nipt (name-matched)
INST-0853,Qendra Spitalore Universitare Nene Tereza Tirane,J61911026A,kpp_appeal.ak_nipt (name-matched)
INST-0854,Qendra Spitalore e Burgjeve Tirane,,unknown - not seen in KPP
INST-0855,Qendra Sportive Tirane,K61604012K,kpp_appeal.ak_nipt (name-matched)
INST-0856,Qendra e Arsimit Lushnje,,unknown - not seen in KPP
INST-0857,Qendra e Artit dhe e Kultures Korce,,unknown - not seen in KPP
INST-0858,Qendra e Botimeve Zyrtare,K02224003D,kpp_appeal.ak_nipt (name-matched)
INST-0859,Qendra e Botimeve per Diasporen,L91317451O,kpp_appeal.ak_nipt (name-matched)
INST-0860,Qendra e Formimit Profesional Publik Elbasan,,unknown - not seen in KPP
INST-0861,Qendra e Formimit Profesional Publik Fier,,unknown - not seen in KPP
INST-0862,Qendra e Formimit Profesional Publik Korce,,unknown - not seen in KPP
INST-0863,Qendra e Formimit Profesional Publik Shkoder,,unknown - not seen in KPP
INST-0864,Qendra e Formimit Profesional Publik Vlore,,unknown - not seen in KPP
INST-0865,Qendra e Furnizimit Materialo Teknik Mullet,,unknown - not seen in KPP
INST-0866,Qendra e Inovacionit te Sigurise dhe Mbrojtjes,,unknown - not seen in KPP
INST-0867,Qendra e Koordinimit Kundër Ekstremizmit të Dhunshëm,,unknown - not seen in KPP
INST-0868,Qendra e Parandalimit të Krimeve të të Miturve dhe të Rinjve,,unknown - not seen in KPP
INST-0869,Qendra e Pritjes per Azil Tirane,,unknown - not seen in KPP
INST-0870,"Qendra e Restaurimit dhe Realizimit te Veprave te Artit, Tirana",,unknown - not seen in KPP
INST-0871,Qendra e Riparimit dhe Mirembatjes se Teknikes se FA,,unknown - not seen in KPP
INST-0872,Qendra e Sherbimeve Arsimore,K51723031V,kpp_appeal.ak_nipt (name-matched)
INST-0873,Qendra e Sherbimit  dhe Administrimit te Mjeteve te Transportit te Policise se Shtetit,,unknown - not seen in KPP
INST-0874,Qendra e Specialiteteve Paskuqan Tirane,K91930451M,kpp_appeal.ak_nipt (name-matched)
INST-0875,Qendra e Studimeve dhe Publikimeve per Arbereshet,,unknown - not seen in KPP
INST-0876,Qendra e Transferimit Te Teknologjive Bujqesore Fushe Kruje,K54008205A,kpp_appeal.ak_nipt (name-matched)
INST-0877,Qendra e Transferimit Te Teknologjive Bujqesore Korce,K54105068T,kpp_appeal.ak_nipt (name-matched)
INST-0878,Qendra e Transferimit Te Teknologjive Bujqesore Lushnje,,unknown - not seen in KPP
INST-0879,Qendra e Transferimit Te Teknologjive Bujqesore Shkoder,,unknown - not seen in KPP
INST-0880,Qendra e Zhvillimit  Rezidencial Durres,,unknown - not seen in KPP
INST-0881,Qendra e Zhvillimit Ditor Korce,,unknown - not seen in KPP
INST-0882,Qendra e Zhvillimit Ditor Trendafilat,,unknown - not seen in KPP
INST-0883,Qendra e Zhvillimit Edukimit Integrimit Lira,,unknown - not seen in KPP
INST-0884,Qendra e Zhvillimit Pellumbat Tirane,,unknown - not seen in KPP
INST-0885,Qendra e Zhvillimit Rezidencial Korce,,unknown - not seen in KPP
INST-0886,Qendra e Zhvillimit Rezidencial Une jam si Ju Berat,,unknown - not seen in KPP
INST-0887,Qendra e Zhvillimit Shkoder,K56704028I,kpp_appeal.ak_nipt (name-matched)
INST-0888,Qendra e Zhvillimit te Personave me Aftesi te Kufizuar Vlore,,unknown - not seen in KPP
INST-0889,Qendra “Klubi Sportiv Tirana”,,unknown - not seen in KPP
INST-0890,REPARTI USHTARAK NR.4040,,unknown - not seen in KPP
INST-0891,Regjistri Detar Shqiptar sh.a,,unknown - not seen in KPP
INST-0892,Reparti I Policise RENEA Tirane,,unknown - not seen in KPP
INST-0893,Reparti I Sigurimit Brendshem dhe Ceremonial Tirane,,unknown - not seen in KPP
INST-0894,Reparti Ushtarak 4002,,unknown - not seen in KPP
INST-0895,Reparti Ushtarak Nr. 1020,,unknown - not seen in KPP
INST-0896,Reparti Ushtarak Nr. 2030,,unknown - not seen in KPP
INST-0897,Reparti Ushtarak Nr. 6604,,unknown - not seen in KPP
INST-0898,Reparti Ushtarak Nr.1001 Komanda e Forces Tokesore Tirane,K51725021B,kpp_appeal.ak_nipt (name-matched)
INST-0899,Reparti Ushtarak Nr.1010,,unknown - not seen in KPP
INST-0900,Reparti Ushtarak Nr.1060,,unknown - not seen in KPP
INST-0901,Reparti Ushtarak Nr.2001 Komanda e Forcave Detare Durres,K51703517I,kpp_appeal.ak_nipt (name-matched)
INST-0902,Reparti Ushtarak Nr.3001 Komanda e Forcave Ajrore Tirane,,unknown - not seen in KPP
INST-0903,Reparti Ushtarak Nr.4007,,unknown - not seen in KPP
INST-0904,Reparti Ushtarak Nr.4030,,unknown - not seen in KPP
INST-0905,Reparti Ushtarak Nr.5001 Komanda e Doktrines dhe Stervitjes Tirane,,unknown - not seen in KPP
INST-0906,Reparti Ushtarak Nr.5005,,unknown - not seen in KPP
INST-0907,Reparti Ushtarak Nr.6630 Tirane,,unknown - not seen in KPP
INST-0908,Reparti Ushtarak Nr.6640 Agjencia e Sistemeve te Nderlidhjes dhe Informacionit(Ish 4402),,unknown - not seen in KPP
INST-0909,"Reparti Ushtarak Nr.6660 Qendra e Kultures, Medias dhe Botimeve te Mbrojtjes",,unknown - not seen in KPP
INST-0910,Reparti Ushtarak Nr.6670 Qendra e Personel Rekrutimit Tirane,,unknown - not seen in KPP
INST-0911,Reparti Ushtarak Nr.6680,,unknown - not seen in KPP
INST-0912,Rezidenca Studentore Universitare Nr. 2,,unknown - not seen in KPP
INST-0913,Rezidenca Studentore Universitare Nr.1,K51814005N,kpp_appeal.ak_nipt (name-matched)
INST-0914,SH.A Administrimi i Mbetjeve Qarkut Korce,,unknown - not seen in KPP
INST-0915,SH.A Ujesjelles Kanalizime Tirane,L72320033P,kpp_appeal.ak_nipt (name-matched)
INST-0916,SHISH Sherbimi Informativ i Shtetit,,unknown - not seen in KPP
INST-0917,SHKOLLA PROFESIONALE ELBASAN,,unknown - not seen in KPP
INST-0918,SKODRINON SH.A,,unknown - not seen in KPP
INST-0919,SPITALI RAJONAL ELBASAN,K52905226h,kpp_appeal.ak_nipt (name-matched)
INST-0920,Sh.A Albpetrol,J82916500U,kpp_appeal.ak_nipt (name-matched)
INST-0921,Sh.A Korporata Elektroenergjitike Shqiptare Tirane,J61817005F,kpp_appeal.ak_nipt (name-matched)
INST-0922,Sh.A Porti Detar Sarande,,unknown - not seen in KPP
INST-0923,Sh.A Porti Detar Shengjin,,unknown - not seen in KPP
INST-0924,Sh.A Porti Detar Vlore,,unknown - not seen in KPP
INST-0925,Sh.A Posta Shqiptare,J61924007N,kpp_appeal.ak_nipt (name-matched)
INST-0926,Sh.A Posta Shqiptare Filiali Hibrid Mail,,unknown - not seen in KPP
INST-0927,Sh.A Posta Shqiptare Filiali Tirane,,unknown - not seen in KPP
INST-0928,Sh.A Ujesjelles Kanalizime Vore,,unknown - not seen in KPP
INST-0929,Sherbimi Gjeologjik Shqiptar,J61826126J,kpp_appeal.ak_nipt (name-matched)
INST-0930,Sherbimi Informativ i Shtetit Drejtoria Vlore,,unknown - not seen in KPP
INST-0931,Sherbimi Social Shteteror,,unknown - not seen in KPP
INST-0932,Sherbimi i Proves,,unknown - not seen in KPP
INST-0933,Shkolla Koreografike Tiranë,,unknown - not seen in KPP
INST-0934,Shkolla Luigj Gurakuqi Tirane,,unknown - not seen in KPP
INST-0935,Shkolla Mekanike Bujqesore “Hasan D Gina” Lushnje,,unknown - not seen in KPP
INST-0936,Shkolla Profesionale Sherbime Korce,,unknown - not seen in KPP
INST-0937,Shkolla Profesionale Teknike Korce,,unknown - not seen in KPP
INST-0938,Shkolla Profesionale “Shën Jozefi Punëtor” Rrëshen,,unknown - not seen in KPP
INST-0939,Shkolla Teknike Ekonomike Tirane,,unknown - not seen in KPP
INST-0940,Shkolla e Magjistratures,K51717011A,kpp_appeal.ak_nipt (name-matched)
INST-0941,Shkolla e Mesme Hoteleri Turizem Tirane,,unknown - not seen in KPP
INST-0942,Shkolla e Mesme Kristo Isak Berat,,unknown - not seen in KPP
INST-0943,Shkolla e Mesme Mihal Shahini Cerrik,,unknown - not seen in KPP
INST-0944,Shkolla e Mesme Profesionale Antoni Athanas Sarande,,unknown - not seen in KPP
INST-0945,Shkolla e Mesme Profesionale Beqir Cela Durres,,unknown - not seen in KPP
INST-0946,Shkolla e Mesme Profesionale Charles Telford Erikson Kavaje,,unknown - not seen in KPP
INST-0947,Shkolla e Mesme Profesionale Kamez,,unknown - not seen in KPP
INST-0948,Shkolla e Mesme Profesionale Kolin Gjoka,,unknown - not seen in KPP
INST-0949,Shkolla e Mesme Profesionale Nazmi Rushiti Peshkopi,,unknown - not seen in KPP
INST-0950,Shkolla e Mesme Profesionale Ndre Mjeda Bushat,,unknown - not seen in KPP
INST-0951,Shkolla e Mesme Profesionale Petro Sota Fier,,unknown - not seen in KPP
INST-0952,Shkolla e Mesme Profesionale Stiliano Bandilli Berat,,unknown - not seen in KPP
INST-0953,Shkolla e Mesme Profesionale Thoma Papapano Gjirokaster,,unknown - not seen in KPP
INST-0954,Shkolla e Mesme Profesionale e Teknologjise Hamdi Bushati Shkoder,,unknown - not seen in KPP
INST-0955,Shkolla e Mesme Teknologjike Hysen Çela Durres,,unknown - not seen in KPP
INST-0956,Shkolla e Mesme e Ndertimit Karl Gega Tirane,,unknown - not seen in KPP
INST-0957,Shoqeria Rajonale Ujesjelles Kanalizime Vlore Sh.A,,unknown - not seen in KPP
INST-0958,Shoqeria Rajonale Ujesjelles-Kanalizime Qarku Shkoder SH.A,,unknown - not seen in KPP
INST-0959,Shoqëria Rajonale Ujësjellës Kanalizime Berat SH.A,M23511002O,kpp_appeal.ak_nipt (name-matched)
INST-0960,Shoqëria Rajonale Ujësjellës Kanalizime Dibër SH.A,M27109701L,kpp_appeal.ak_nipt (name-matched)
INST-0961,Shoqëria Rajonale Ujësjellës Kanalizime Durrës Sh.A,,unknown - not seen in KPP
INST-0962,Shoqëria Rajonale Ujësjellës Kanalizime Elbasan SH.A,M23322201V,kpp_appeal.ak_nipt (name-matched)
INST-0963,Shoqëria Rajonale Ujësjellës Kanalizime Fier SH.A,,unknown - not seen in KPP
INST-0964,Shoqëria Rajonale Ujësjellës Kanalizime Gjirokastër SH.A,,unknown - not seen in KPP
INST-0965,Shoqëria Rajonale Ujësjellës Kanalizime Korçë SH.A,M24431001N,kpp_appeal.ak_nipt (name-matched)
INST-0966,Shoqëria Rajonale Ujësjellës Kanalizime Kukës SH.A,M28322201I,kpp_appeal.ak_nipt (name-matched)
INST-0967,Shoqëria Rajonale Ujësjellës Kanalizime Lezhë SH.A,M28314503C,kpp_appeal.ak_nipt (name-matched)
INST-0968,Shoqëria Rajonale Ujësjellës Kanalizime Lushnje SH.A,,unknown - not seen in KPP
INST-0969,Shoqëria Rajonale Ujësjellës Kanalizime Pogradec Sh.A,M24416601U,kpp_appeal.ak_nipt (name-matched)
INST-0970,Shoqëria Rajonale Ujësjellës Kanalizime Sarandë SH.A,M24828802U,kpp_appeal.ak_nipt (name-matched)
INST-0971,Shtepia Qendrore e Forcave te Armatosura,,unknown - not seen in KPP
INST-0972,Shtepia e Femijes per Grupmoshen 16-18 vjeç Shkoder,,unknown - not seen in KPP
INST-0973,Shtepia e Femijeve 6 - 14 vjec Shkoder,K56705032S,kpp_appeal.ak_nipt (name-matched)
INST-0974,Shtepia e Femijeve Shkollore Tirane,,unknown - not seen in KPP
INST-0975,Shtepia e Foshnjes 0 - 6 vjec Vlore,,unknown - not seen in KPP
INST-0976,Shtepia e Foshnjes Durres,,unknown - not seen in KPP
INST-0977,Shtepia e Foshnjes Tirane,,unknown - not seen in KPP
INST-0978,Shtepia e Pushimit MB Durres,,unknown - not seen in KPP
INST-0979,Shtepia e femijeve 0 – 5 vjec Shkoder,K56704013H,kpp_appeal.ak_nipt (name-matched)
INST-0980,Shtepia e te Moshuarve Fier,,unknown - not seen in KPP
INST-0981,Shtepia e te Moshuarve Gjirokaster,K43128646W,kpp_appeal.ak_nipt (name-matched)
INST-0982,Shtepia e te Moshuarve Kavaje,K52903820I,kpp_appeal.ak_nipt (name-matched)
INST-0983,Shtepia e te Moshuarve Shkoder,,unknown - not seen in KPP
INST-0984,Shtepia e te Moshuarve Tirane,,unknown - not seen in KPP
INST-0985,Shtypshkronja e Letrave me Vlere,J61827076U,kpp_appeal.ak_nipt (name-matched)
INST-0986,Spitali Fier,K52906424I,kpp_appeal.ak_nipt (name-matched)
INST-0987,Spitali Obsetrik Gjinekologjik Mbreteresha Geraldine,,unknown - not seen in KPP
INST-0988,Spitali Obstetrik Gjinekologjik Koco Gliozheni,,unknown - not seen in KPP
INST-0989,Spitali Psikiatrik Ali Mihali Vlore,K56703227H,kpp_appeal.ak_nipt (name-matched)
INST-0990,Spitali Psikiatrik Sadik Dinci Elbasan,,unknown - not seen in KPP
INST-0991,Spitali Rajonal “Memorial” Fier,M12801531P,kpp_appeal.ak_nipt (name-matched)
INST-0992,Spitali Sarande,K94327991U,kpp_appeal.ak_nipt (name-matched)
INST-0993,Spitali Universitar i Traumes,L31322455E,kpp_appeal.ak_nipt (name-matched)
INST-0994,Sport Klub Bulqiza,,unknown - not seen in KPP
INST-0995,Teatri Kombetar,,unknown - not seen in KPP
INST-0996,Teatri Kombetar Eksperimental Kujtim Spahivogli,,unknown - not seen in KPP
INST-0997,"Teatri Kombetar i Operas, Baletit dhe Ansamblit Popullor",,unknown - not seen in KPP
INST-0998,Teatri Petro Marko Vlore,,unknown - not seen in KPP
INST-0999,Teda Tirane Shpk,,unknown - not seen in KPP
INST-1000,Termocentrali Vlore sh.a,K72422003G,kpp_appeal.ak_nipt (name-matched)
INST-1001,Tirana Agrikulture,,unknown - not seen in KPP
INST-1002,Tirana Parking,L52403451V,kpp_appeal.ak_nipt (name-matched)
INST-1003,Tregu i Shitjes me Shumice Fruta - Perime Korce,,unknown - not seen in KPP
INST-1004,Ujesjelles-Kanalizime Kamez Sh.a,L72320034A,kpp_appeal.ak_nipt (name-matched)
INST-1005,Universiteti Aleksander Moisiu Durres,K61829504T,kpp_appeal.ak_nipt (name-matched)
INST-1006,Universiteti Aleksander Xhuvani Elbasan,K52905217I,kpp_appeal.ak_nipt (name-matched)
INST-1007,Universiteti Bujqesor Tirane,J61915028N,kpp_appeal.ak_nipt (name-matched)
INST-1008,Universiteti Eqrem Çabej Gjirokaster,,unknown - not seen in KPP
INST-1009,Universiteti Fan Noli Korce,K43926003R,kpp_appeal.ak_nipt (name-matched)
INST-1010,Universiteti Ismail Qemali Vlore,K56703246N,kpp_appeal.ak_nipt (name-matched)
INST-1011,Universiteti Luigj Gurakuqi Shkoder,,unknown - not seen in KPP
INST-1012,Universiteti Politeknik Tirane,,unknown - not seen in KPP
INST-1013,Universiteti i Arteve,K51713024L,kpp_appeal.ak_nipt (name-matched)
INST-1014,Universiteti i Mjekesise Tirane,L31512451U,kpp_appeal.ak_nipt (name-matched)
INST-1015,Universiteti i Sporteve te Tiranes (ish A.E.F.S Vojo Kushi),K51712019Q,kpp_appeal.ak_nipt (name-matched)
INST-1016,Universiteti i Tiranes,J61915033D,kpp_appeal.ak_nipt (name-matched)
INST-1017,Vlora Invest Shpk,,unknown - not seen in KPP
INST-1018,Vlora Parking ShA,,unknown - not seen in KPP
INST-1019,Zyra Arsimore Sarande,,unknown - not seen in KPP
INST-1020,Zyra Ekonomike e Arsimit Sarande,,unknown - not seen in KPP
INST-1021,Zyra Permbarimore Vendore Durrës,,unknown - not seen in KPP
INST-1022,Zyra Permbarimore Vendore Elbasan,,unknown - not seen in KPP
INST-1023,Zyra Rajonale e Sherbimit Social Shteteror  Vlore,,unknown - not seen in KPP
INST-1024,Zyra Rajonale e Sherbimit Social Shteteror Berat,,unknown - not seen in KPP
INST-1025,Zyra Rajonale e Sherbimit Social Shteteror Durres,,unknown - not seen in KPP
INST-1026,Zyra Rajonale e Sherbimit Social Shteteror Elbasan,,unknown - not seen in KPP
INST-1027,Zyra Rajonale e Sherbimit Social Shteteror Fier,,unknown - not seen in KPP
INST-1028,Zyra Rajonale e Sherbimit Social Shteteror Korce,,unknown - not seen in KPP
INST-1029,Zyra Rajonale e Sherbimit Social Shteteror Kukes,,unknown - not seen in KPP
INST-1030,Zyra Rajonale e Sherbimit Social Shteteror Tirane,,unknown - not seen in KPP
INST-1031,Zyra Vendore Arsimore Bulqize,,unknown - not seen in KPP
INST-1032,Zyra Vendore Arsimore Fier,,unknown - not seen in KPP
INST-1033,Zyra Vendore e Sherbimit Kombetar te Punesimit Vlore,,unknown - not seen in KPP
INST-1034,Zyra e Administrimit të Parkut Kombëtar “Lumi i Vjosës”,,unknown - not seen in KPP
INST-1035,Zyra e Prokurorit te Pergjithshem,J62410014F,kpp_appeal.ak_nipt (name-matched)
