kodi_institucioni,emertimi
INST-0001,AGJENCIA E INDUSTRISE SE MBROJTJES
INST-0002,AGJENCIA KOMBETARE E FINANCIMIT TE ARSIMIT TE LARTE
INST-0003,ALBAFILM
INST-0004,ALBANIAN STATE DEVELOPMENT & REAL ESTATE
INST-0005,ALBCONTROL SH.A ( ish A.N.T.A)
INST-0006,ALBTrace CO
INST-0007,Agjencia E Sigurimit të Cilësisë së Kujdesit Shëndetësor dhe Shoqëror
INST-0008,Agjencia Ekonomike Mbeshtetese
INST-0009,Agjencia Innovation4Albania
INST-0010,Agjencia Kombetare Berthamore
INST-0011,Agjencia Kombetare e Arsimit Parauniversitar
INST-0012,Agjencia Kombetare e Barnave dhe Paisjeve Mjekesore (AKBPM)
INST-0013,Agjencia Kombetare e Bregdetit
INST-0014,Agjencia Kombetare e Burimeve Natyrore
INST-0015,Agjencia Kombetare e Duhan - Cigareve
INST-0016,Agjencia Kombetare e Ekonomise Mbetjeve
INST-0017,Agjencia Kombetare e Kerkimit Shkencor dhe Inovacionit
INST-0018,Agjencia Kombetare e Kontrollit te Cannabis-it
INST-0019,Agjencia Kombetare e Mbrojtjes Civile
INST-0020,Agjencia Kombetare e Mjedisit
INST-0021,Agjencia Kombetare e Planifikimit te Territorit
INST-0022,Agjencia Kombetare e Punesimit dhe Aftesive Tirane
INST-0023,Agjencia Kombetare e Shoqerise se Informacionit
INST-0024,Agjencia Kombetare e Turizmit
INST-0025,Agjencia Kombetare e Zonave te Mbrojtura
INST-0026,Agjencia Kombetare per Diasporen
INST-0027,Agjencia Kombetare te Ujesjelles-Kanalizimeve
INST-0028,Agjencia Kombëtare e Falimentimit
INST-0029,Agjencia Kombëtare e Pyjeve
INST-0030,Agjencia Kombëtare e Rinisë
INST-0031,Agjencia Rajonale e Ekstensionit Bujqesor Korçe
INST-0032,Agjencia Rajonale e Ekstensionit Bujqesor Lushnje
INST-0033,Agjencia Rajonale e Ekstensionit Bujqesor Shkoder
INST-0034,"Agjencia Rajonale e Mjedisit Berat, Korçë, Elbasan"
INST-0035,Agjencia Rajonale e Mjedisit Fier/Vlore/Gjirokaster
INST-0036,Agjencia Shqiptare e Zhvillimit te Investimeve
INST-0037,Agjencia Shteterore per Mbrojtjen e te Drejtave te Femijeve
INST-0038,Agjencia Shtetërore për Shpronësimin
INST-0039,Agjencia Telegrafike Shqiptare
INST-0040,Agjencia e Administrimit Tregjeve Tirane
INST-0041,Agjencia e Administrimit te Pasurive te Sekuestruara dhe te Konfiskuara
INST-0042,Agjencia e Auditimit te Programeve te Asistences Akredituar nga BE
INST-0043,Agjencia e Funksioneve te Patransferueshme Mat
INST-0044,Agjencia e Funksioneve te Transferueshme Bashkia Mat
INST-0045,Agjencia e Funksioneve te Trasnferueshme Bulqizë
INST-0046,Agjencia e Funksioneve te Trasnferueshme Klos
INST-0047,Agjencia e Industrise Kreative Tirane
INST-0048,Agjencia e Inovacionit dhe Ekselences
INST-0049,Agjencia e Inteligjencës Financiare
INST-0050,Agjencia e Mbikeqyerjes dhe Kontrollit
INST-0051,Agjencia e Mbikqyrjes Policore
INST-0052,Agjencia e Mbikëqyrjes në Sistemin e Ekzekutimit të Vendimeve Penale
INST-0053,Agjencia e Mbrojtjes se Konsumatorit
INST-0054,Agjencia e Menaxhimit te Burimeve Ujore
INST-0055,Agjencia e Menaxhimit te Garancive dhe Kredive te Pakthyera
INST-0056,Agjencia e Parqeve Urbane
INST-0057,Agjencia e Parqeve dhe Rekreacionit
INST-0058,Agjencia e Prokurimit Publik
INST-0059,Agjencia e Puneve Publike dhe Mirembajtjes Mirdite
INST-0060,Agjencia e Rinise dhe Mirëqenies Sociale
INST-0061,Agjencia e Sherbimeve Funerale
INST-0062,Agjencia e Sherbimeve Komunale Divjake
INST-0063,Agjencia e Sherbimeve Publike Bashkia Maliq
INST-0064,Agjencia e Sherbimeve Publike Rurale Elbasan
INST-0065,Agjencia e Sherbimeve Publike Urbane
INST-0066,Agjencia e Shërbimeve Publike Berat
INST-0067,Agjencia e Shërbimeve Publike Patos
INST-0068,Agjencia e Sigurimit te Cilesise ne Arsimin e Larte
INST-0069,Agjencia e Sigurimit te Cilesise se Arsimit Parauniversitar
INST-0070,Agjencia e Sigurimit te Depozitave
INST-0071,Agjencia e Trajtimit te Koncensioneve
INST-0072,Agjencia e Trajtimit te Pronave
INST-0073,Agjencia e Zhvillimit te Territorit
INST-0074,Agjencia per Dialog dhe Bashkeqeverisje
INST-0075,Agjencia per Efiçencen e Energjise
INST-0076,Agjencia per Mbeshtetjen e Veteqeverisjes Vendore
INST-0077,Agjencia per Zhvillim Bujqesor dhe Rural
INST-0078,Agjencia për Media dhe Informim
INST-0079,Agjensia Rajonale e Ekstensionit Bujqesor Tirane
INST-0080,Agjensia Sherbimit Sportit
INST-0081,Agjensia e Funksioneve te Patrasnferueshme Belsh
INST-0082,Agjensia e Mbrojtes se Territorit Pogradec
INST-0083,Agrokredit.sha
INST-0084,Akademia e Shkencave
INST-0085,Akademia e Sigurise Tirane
INST-0086,Albanian Digital Solution sh.a
INST-0087,Albanian Gas Service Company Sh.a
INST-0088,Albanian Seaports Development Company
INST-0089,Albcontrol
INST-0090,Albgaz sh.a
INST-0091,Arkivi Qendror Teknik i Ndertimit Tirane
INST-0092,Arkivi Shteteror i Filmit
INST-0093,Autoriteti Kombetar i Ushqimit
INST-0094,Autoriteti Kombetar per Sigurine Kibernetike
INST-0095,Autoriteti Kombetar per Sigurine dhe Emergjencat ne Miniera
INST-0096,Autoriteti Kombëtar i Investigimit për Sigurinë e Operimit në Aviacionin Civil
INST-0097,Autoriteti Kombëtar i Veterinarisë dhe Mbrojtjes së Bimëve
INST-0098,Autoriteti Portual Durres
INST-0099,Autoriteti Rrugor Shqiptar
INST-0100,Autoriteti Shteteror per Informacionin Gjeohapesinor
INST-0101,Autoriteti i Aviacionit Civil
INST-0102,Autoriteti i Komunikimeve Elektronike dhe Postare ( ish ERT )
INST-0103,Autoriteti i Konkurences
INST-0104,Autoriteti i Kontrollit Shteteror te Eksporteve
INST-0105,Autoriteti i Mbikqyrjes Financiare
INST-0106,Autoriteti i Mbikqyrjes se Lojrave te Fatit
INST-0107,Autoriteti i Mediave Audiovizive
INST-0108,Autoriteti i Sigurise Hekurudhore
INST-0109,Autoriteti per Informimin mbi Dokumentet e Ish-Sigurimit te Shtetit
INST-0110,Avokati i Popullit
INST-0111,Avokati i Shtetit
INST-0112,BERAT CITY GREEN – BCG SH.A
INST-0113,BURSA SHQIPTARE E ENERGJISË ELEKTRIKE SH.A - ALPEX
INST-0114,Bajkaj Land Sh.a
INST-0115,Banka Shqiptare Zhvillimit
INST-0116,Bashkia Belsh
INST-0117,Bashkia Berat
INST-0118,Bashkia Bulqize
INST-0119,Bashkia Cerrik
INST-0120,Bashkia Delvine
INST-0121,Bashkia Devoll
INST-0122,Bashkia Diber
INST-0123,Bashkia Dimal
INST-0124,Bashkia Divjake
INST-0125,Bashkia Dropull
INST-0126,Bashkia Durres
INST-0127,Bashkia Elbasan
INST-0128,Bashkia Fier
INST-0129,Bashkia Finiq
INST-0130,Bashkia Fushe Arrez
INST-0131,Bashkia Gjirokaster
INST-0132,Bashkia Gramsh
INST-0133,Bashkia Has
INST-0134,Bashkia Himare
INST-0135,Bashkia Kamez
INST-0136,Bashkia Kavaje
INST-0137,Bashkia Kelcyre
INST-0138,Bashkia Klos
INST-0139,Bashkia Kolonje
INST-0140,Bashkia Konispol
INST-0141,Bashkia Korce
INST-0142,Bashkia Kruje
INST-0143,Bashkia Kucove
INST-0144,Bashkia Kukes
INST-0145,Bashkia Kurbin
INST-0146,Bashkia Lezhe
INST-0147,Bashkia Libohove
INST-0148,Bashkia Librazhd
INST-0149,Bashkia Lushnje
INST-0150,Bashkia Malesi e Madhe
INST-0151,Bashkia Maliq
INST-0152,Bashkia Mallakaster
INST-0153,Bashkia Mat
INST-0154,Bashkia Memaliaj
INST-0155,Bashkia Mirdite
INST-0156,Bashkia Patos
INST-0157,Bashkia Peqin
INST-0158,Bashkia Permet
INST-0159,Bashkia Pogradec
INST-0160,Bashkia Polican
INST-0161,Bashkia Prrenjas
INST-0162,Bashkia Puke
INST-0163,Bashkia Pustec
INST-0164,Bashkia Roskovec
INST-0165,Bashkia Rrogozhine
INST-0166,Bashkia Sarande
INST-0167,Bashkia Selenice
INST-0168,Bashkia Shijak
INST-0169,Bashkia Shkoder
INST-0170,Bashkia Skrapar
INST-0171,Bashkia Tepelene
INST-0172,Bashkia Tirane
INST-0173,Bashkia Tropoje
INST-0174,Bashkia Vau Dejes
INST-0175,Bashkia Vlore
INST-0176,Bashkia Vore
INST-0177,Biblioteka Kombetare
INST-0178,Biblioteka Publike Durres
INST-0179,Bordi i Mbikeqyrjes Publike
INST-0180,Byroja Kombëtare e Hetimit
INST-0181,DREJTORIA E RAJONIT QENDER LINDJE KORCE
INST-0182,DURANA TECH PARK SH.A
INST-0183,Dega e Doganes Berat
INST-0184,Dega e Doganes Durres
INST-0185,Dega e Doganes Elbasan
INST-0186,Dega e Doganes Gjirokaster
INST-0187,Dega e Doganes Lezhe
INST-0188,Dega e Doganes Rinas
INST-0189,Dega e Doganes Tirane
INST-0190,Dega e Doganes Vlore
INST-0191,Dega e Thesarit Elbasan
INST-0192,Dega e Thesarit Gjirokaster
INST-0193,Dega e Thesarit Gramsh
INST-0194,Dega e Thesarit Korce
INST-0195,Dega e Thesarit Kukes
INST-0196,Dega e Thesarit Kuçove
INST-0197,Dega e Thesarit M.Madhe
INST-0198,Departamenti i Administrates Publike
INST-0199,Drejtoria Rajonale  e Autoritetit Kombetar te Ushqimit Diber
INST-0200,Drejtoria Rajonale Formimit Profesional Publik Durres
INST-0201,Drejtoria Rajonale Formimit Profesional Publik Gjirokaster
INST-0202,Drejtoria Rajonale Formimit Profesional Publik Nr.1 Tirane
INST-0203,Drejtoria Rajonale Formimit Profesional Publik Nr.4 Tirane
INST-0204,Drejtoria Rajonale e ALUIZNI Berat
INST-0205,Drejtoria Rajonale e ASHK-se Kukes
INST-0206,Drejtoria Rajonale e Agjencise Kombetare te Punesimit dhe Aftesive  Gjirokaster
INST-0207,Drejtoria Rajonale e Agjencise Kombetare te Punesimit dhe Aftesive Shkoder
INST-0208,Drejtoria Rajonale e Agjencise Kombetare te Punesimit dhe Aftesive Tirane
INST-0209,Drejtoria Rajonale e Agjencisë Kombëtare të Punësimit dhe Aftësive Dibër
INST-0210,Drejtoria Rajonale e Agjencisë Kombëtare të Punësimit dhe Aftësive Elbasan
INST-0211,Drejtoria Rajonale e Agjencisë Kombëtare të Punësimit dhe Aftësive Fier
INST-0212,Drejtoria Rajonale e Arsimit Parauniversitar Durres
INST-0213,Drejtoria Rajonale e Arsimit Parauniversitar Fier
INST-0214,Drejtoria Rajonale e Arsimit Parauniversitar Korçe
INST-0215,Drejtoria Rajonale e Arsimit Parauniversitar Lezhe
INST-0216,Drejtoria Rajonale e Arsimit Parauniversitar Tirane
INST-0217,Drejtoria Rajonale e Autoritetit Kombetar te Ushqimit  Fier
INST-0218,Drejtoria Rajonale e Autoritetit Kombetar te Ushqimit  Vlore
INST-0219,Drejtoria Rajonale e Autoritetit Kombetar te Ushqimit Berat
INST-0220,Drejtoria Rajonale e Autoritetit Kombetar te Ushqimit Durres
INST-0221,Drejtoria Rajonale e Autoritetit Kombetar te Ushqimit Elbasan
INST-0222,Drejtoria Rajonale e Autoritetit Kombetar te Ushqimit Gjirokaster
INST-0223,Drejtoria Rajonale e Autoritetit Kombetar te Ushqimit Korce
INST-0224,Drejtoria Rajonale e Autoritetit Kombetar te Ushqimit Kukes
INST-0225,Drejtoria Rajonale e Autoritetit Kombetar te Ushqimit Shkoder
INST-0226,Drejtoria Rajonale e Autoritetit Kombetar te Ushqimit Tirane
INST-0227,Drejtoria Rajonale e Fondit te Sigurimeve te Detyrueshem te Kujdesit Shendetesor Fier
INST-0228,Drejtoria Rajonale e Fondit te Sigurimit te Detyrueshem te Kujdesit Shendetesor Lezhe
INST-0229,Drejtoria Rajonale e Fondit te Sigurimit te Detyrueshem te Kujdesit Shendetesor Pogradec
INST-0230,Drejtoria Rajonale e Kufirit dhe Migracionit Durres
INST-0231,Drejtoria Rajonale e Kufirit dhe Migracionit Gjirokaster
INST-0232,Drejtoria Rajonale e Kufirit dhe Migracionit Kukes
INST-0233,Drejtoria Rajonale e Kufirit dhe Migracionit Tirane
INST-0234,Drejtoria Rajonale e OSSH Berat
INST-0235,Drejtoria Rajonale e OSSH Burrel
INST-0236,Drejtoria Rajonale e OSSH Durres
INST-0237,Drejtoria Rajonale e OSSH Elbasan
INST-0238,Drejtoria Rajonale e OSSH Fier
INST-0239,Drejtoria Rajonale e OSSH Gjirokaster
INST-0240,Drejtoria Rajonale e OSSH Korce
INST-0241,Drejtoria Rajonale e OSSH Kukes
INST-0242,Drejtoria Rajonale e OSSH Shkoder
INST-0243,Drejtoria Rajonale e OSSH Tirane
INST-0244,Drejtoria Rajonale e OSSH Vlore
INST-0245,Drejtoria Rajonale e Operatorit te Sherbimeve te Kujdesit Shendetesor Elbasan
INST-0246,Drejtoria Rajonale e Operatorit te Sherbimeve te Kujdesit Shendetesor Shkoder
INST-0247,Drejtoria Rajonale e Operatorit te Sherbimeve te Kujdesit Shendetesor Tirane
INST-0248,Drejtoria Rajonale e Operatorit te Sherbimeve te Kujdesit Shendetesor Vlore
INST-0249,Drejtoria Rajonale e Q.L.F.P.P.per Zonen Verilindore
INST-0250,Drejtoria Rajonale e Shendetesise Kukes
INST-0251,Drejtoria Rajonale e Sherbimit Kombetar te Punesimit Korce
INST-0252,Drejtoria Rajonale e Sherbimit Kombetar te Punesimit Lezhe
INST-0253,Drejtoria Rajonale e Sherbimit Social Shteteror Diber
INST-0254,Drejtoria Rajonale e Sherbimit Veterinar dhe Mbrojtjes se Bimeve Tirane
INST-0255,Drejtoria Rajonale e Sherbimit Veterinar dhe Mbrojtjes se Bimeve Vlore
INST-0256,Drejtoria Rajonale e Sherbimit te Transportit Rrugor Berat
INST-0257,Drejtoria Rajonale e Sherbimit te Transportit Rrugor Diber
INST-0258,Drejtoria Rajonale e Sherbimit te Transportit Rrugor Durres
INST-0259,Drejtoria Rajonale e Sherbimit te Transportit Rrugor Elbasan
INST-0260,Drejtoria Rajonale e Sherbimit te Transportit Rrugor Fier
INST-0261,Drejtoria Rajonale e Sherbimit te Transportit Rrugor Gjirokaster
INST-0262,Drejtoria Rajonale e Sherbimit te Transportit Rrugor Korçe
INST-0263,Drejtoria Rajonale e Sherbimit te Transportit Rrugor Kukes
INST-0264,Drejtoria Rajonale e Sherbimit te Transportit Rrugor Lac
INST-0265,Drejtoria Rajonale e Sherbimit te Transportit Rrugor Sarande
INST-0266,Drejtoria Rajonale e Sherbimit te Transportit Rrugor Shkoder
INST-0267,Drejtoria Rajonale e Sherbimit te Transportit Rrugor Tirane
INST-0268,Drejtoria Rajonale e Sherbimit te Transportit Rrugor Vlore
INST-0269,Drejtoria Rajonale e Shërbimit Veterinar dhe Mbrojtjes së Bimëve Elbasan
INST-0270,Drejtoria Rajonale e Shërbimit Veterinar dhe Mbrojtjes së Bimëve Shkodër
INST-0271,Drejtoria Rajonale e Sigurimeve Shoqerore Berat
INST-0272,Drejtoria Rajonale e Sigurimeve Shoqerore Diber
INST-0273,Drejtoria Rajonale e Sigurimeve Shoqerore Durres
INST-0274,Drejtoria Rajonale e Sigurimeve Shoqerore Elbasan
INST-0275,Drejtoria Rajonale e Sigurimeve Shoqerore Fier
INST-0276,Drejtoria Rajonale e Sigurimeve Shoqerore Gjirokaster
INST-0277,Drejtoria Rajonale e Sigurimeve Shoqerore Korce
INST-0278,Drejtoria Rajonale e Sigurimeve Shoqerore Kukes
INST-0279,Drejtoria Rajonale e Sigurimeve Shoqerore Lezhe
INST-0280,Drejtoria Rajonale e Sigurimeve Shoqerore Sarande
INST-0281,Drejtoria Rajonale e Sigurimeve Shoqerore Tirane
INST-0282,Drejtoria Rajonale e Sigurimeve Shoqerore Tropoje
INST-0283,Drejtoria Rajonale e Sigurimeve Shoqerore Vlore
INST-0284,Drejtoria Rajonale e Sigurimeve te Kujdesit Shendetesor Berat
INST-0285,Drejtoria Rajonale e Sigurimeve te Kujdesit Shendetesor Diber
INST-0286,Drejtoria Rajonale e Sigurimeve te Kujdesit Shendetesor Elbasan
INST-0287,Drejtoria Rajonale e Sigurimeve te Kujdesit Shendetesor Kukes
INST-0288,Drejtoria Rajonale e Sigurimeve te Kujdesit Shendetesor Tirane
INST-0289,Drejtoria Rajonale e Sigurimeve te Kujdesit Shendetesor Vlore
INST-0290,Drejtoria Rajonale e Sigurimit te Kujdesit Shendetesor Durres
INST-0291,Drejtoria Rajonale e Tatimeve Diber
INST-0292,Drejtoria Rajonale e Tatimeve Durres
INST-0293,Drejtoria Rajonale e Tatimeve Gjirokaster
INST-0294,Drejtoria Rajonale e Tatimeve Korce
INST-0295,Drejtoria Rajonale e Tatimeve Kukes
INST-0296,Drejtoria Rajonale e Trashegimise Kulturore Gjirokaster
INST-0297,Drejtoria Rajonale e Trashegimise Kulturore Korçe
INST-0298,Drejtoria Rajonale e Trashegimise Kulturore Shkoder
INST-0299,Drejtoria Rajonale e Trashegimise Kulturore Tirane
INST-0300,Drejtoria Rajonale e Trashegimise Kulturore Vlore
INST-0301,Drejtoria SHISH Fier
INST-0302,Drejtoria Vendore ASHK-se Tirana Jug
INST-0303,Drejtoria Vendore ASHK-se Tirana Veri
INST-0304,Drejtoria Vendore Zonat e Stimuluara
INST-0305,Drejtoria Vendore e ASHK-se Elbasan
INST-0306,Drejtoria Vendore e ASHK-se Fier
INST-0307,Drejtoria Vendore e ASHK-se Lezhe
INST-0308,Drejtoria Vendore e ASHK-se Lushnje
INST-0309,Drejtoria Vendore e ASHK-se Shkoder
INST-0310,Drejtoria Vendore e ASHK-se Tirane Rurale 1
INST-0311,Drejtoria Vendore e ASHK-se Tirane Rurale 2
INST-0312,Drejtoria Vendore e ASHK-se Vlore
INST-0313,Drejtoria e Administrimit te Paketave Shendetesore dhe Ekzaminimeve Terciale
INST-0314,Drejtoria e Antiterrorit
INST-0315,Drejtoria e Arkivit Qendror te Sigurimeve Shoqerore
INST-0316,Drejtoria e Artit dhe Kultures Fier
INST-0317,Drejtoria e Bujqesise Administrimit te Pyjeve Ujrave e Sherbimit Veterinar Berat
INST-0318,Drejtoria e Forces se Posaçme Operacionale
INST-0319,Drejtoria e Konvikteve te Shkollave te Mesme
INST-0320,Drejtoria e Ndihmes Juridike Falas
INST-0321,Drejtoria e Pergjithshme Detare
INST-0322,Drejtoria e Pergjithshme e Agjencise Shteterore e Kadastres
INST-0323,Drejtoria e Pergjithshme e Akreditimit
INST-0324,Drejtoria e Pergjithshme e Antikorrupsionit
INST-0325,Drejtoria e Pergjithshme e Arkivave te Shtetit
INST-0326,Drejtoria e Pergjithshme e Burgjeve
INST-0327,Drejtoria e Pergjithshme e Doganave
INST-0328,Drejtoria e Pergjithshme e Kopshtit Zoologjik
INST-0329,Drejtoria e Pergjithshme e Metrologjise dhe Kalibrimit
INST-0330,Drejtoria e Pergjithshme e Mirembajtjes se Objekteve Publike
INST-0331,Drejtoria e Pergjithshme e Objekteve Publike Tirane
INST-0332,Drejtoria e Pergjithshme e Pastrimit dhe Gjelberimit Tirane
INST-0333,Drejtoria e Pergjithshme e Permbarimit
INST-0334,Drejtoria e Pergjithshme e Policise se Shtetit
INST-0335,Drejtoria e Pergjithshme e Pronesise Industriale
INST-0336,Drejtoria e Pergjithshme e RTSH
INST-0337,Drejtoria e Pergjithshme e Rrugeve dhe Ndriçimit Publik Tirane
INST-0338,Drejtoria e Pergjithshme e Sherbimeve te Transportit Rrugor Tirane
INST-0339,Drejtoria e Pergjithshme e Standartizimeve
INST-0340,Drejtoria e Pergjithshme e Taksave dhe e Tarifave Vendore Tirane
INST-0341,Drejtoria e Pergjithshme e Tatimeve
INST-0342,Drejtoria e Pergjithshme e Çerdheve dhe Kopshteve Tirane
INST-0343,Drejtoria e Pergjithshme per Kufirin dhe Migracionin
INST-0344,Drejtoria e Policise Qarkut Korce
INST-0345,Drejtoria e Policise Qarkut Lezhe
INST-0346,Drejtoria e Policise Qarkut Tirane
INST-0347,Drejtoria e Përgjithshme e Arsimit Parauniversitar Bashkia Elbasan
INST-0348,Drejtoria e Përgjithshme e Kulturës dhe Sportit
INST-0349,Drejtoria e Rajonit Jugor Gjirokaster
INST-0350,Drejtoria e Rajonit Qender Perendim (Tirane)
INST-0351,Drejtoria e SHISH Kukes
INST-0352,Drejtoria e SHISH Shkoder
INST-0353,Drejtoria e Shendetit Publik Bulqize
INST-0354,Drejtoria e Shendetit Publik Delvine
INST-0355,Drejtoria e Shendetit Publik Diber
INST-0356,Drejtoria e Shendetit Publik Gjirokaster
INST-0357,Drejtoria e Shendetit Publik Kolonje
INST-0358,Drejtoria e Shendetit Publik Kruje
INST-0359,Drejtoria e Shendetit Publik Mirdite
INST-0360,Drejtoria e Shendetit Publik Pogradec
INST-0361,Drejtoria e Shendetit Publik Sarande
INST-0362,Drejtoria e Shendetit Publik Skrapar
INST-0363,Drejtoria e Shendetit Publik Vlore
INST-0364,Drejtoria e Sherbimeve Qeveritare
INST-0365,Drejtoria e Sherbimeve te Peshkimit dhe Akuakultures Tirane
INST-0366,Drejtoria e Sherbimit Memaliaj
INST-0367,Drejtoria e Sherbimit Spitalor Bulqize
INST-0368,Drejtoria e Sherbimit Spitalor Delvine
INST-0369,Drejtoria e Sherbimit Spitalor Devoll
INST-0370,Drejtoria e Sherbimit Spitalor Gramsh
INST-0371,Drejtoria e Sherbimit Spitalor Has
INST-0372,Drejtoria e Sherbimit Spitalor Kolonje
INST-0373,Drejtoria e Sherbimit Spitalor Korce
INST-0374,Drejtoria e Sherbimit Spitalor Kruje
INST-0375,Drejtoria e Sherbimit Spitalor Kukes
INST-0376,Drejtoria e Sherbimit Spitalor Kurbin
INST-0377,Drejtoria e Sherbimit Spitalor Librazhd
INST-0378,Drejtoria e Sherbimit Spitalor Malesi e Madhe
INST-0379,Drejtoria e Sherbimit Spitalor Mallakaster
INST-0380,Drejtoria e Sherbimit Spitalor Mat
INST-0381,Drejtoria e Sherbimit Spitalor Mirdite
INST-0382,Drejtoria e Sherbimit Spitalor Peqin
INST-0383,Drejtoria e Sherbimit Spitalor Permet
INST-0384,Drejtoria e Sherbimit Spitalor Pogradec
INST-0385,Drejtoria e Sherbimit Spitalor Puke
INST-0386,Drejtoria e Sherbimit Spitalor Skrapar
INST-0387,Drejtoria e Sherbimit Spitalor Tepelene
INST-0388,Drejtoria e Sherbimit Spitalor Tropoje
INST-0389,Drejtoria e Sherbimit te Mbrojtjes nga Zjarri dhe Shpetimit Shkoder
INST-0390,Drejtoria e Spitalit Rajonal Diber
INST-0391,Drejtoria e Spitalit Rajonal Durres
INST-0392,Drejtoria e Spitalit Rajonal Gjirokaster
INST-0393,Drejtoria e Spitalit Rajonal Lezhe
INST-0394,Drejtoria e Spitalit Rajonal Shkoder
INST-0395,Drejtoria e Spitalit Rajonal Vlore
INST-0396,Drejtoria e Spitalit “Ihsan Çabej” Lushnje
INST-0397,Drejtoria e Targave dhe Shtypshkrimeve Durres
INST-0398,Drejtoria e Tensionit te Larte OSSH sh.a
INST-0399,Drejtoria e Ujitjes dhe Kullimit Durres
INST-0400,Drejtoria e Ujitjes dhe Kullimit Fier
INST-0401,Drejtoria e Ujitjes dhe Kullimit Korce
INST-0402,Drejtoria e Ujitjes dhe Kullimit Lezhe
INST-0403,Drejtoria e Verifikimit dhe Koordinimit ne Terren Rajoni Jugor
INST-0404,ECO Tirana
INST-0405,ECO-ELB sh.a
INST-0406,Enti Kombetar i Banesave Tirane
INST-0407,Enti Rregullator i Energjise
INST-0408,Enti Rregullator i Ujit
INST-0409,Enti Shteteror i Farerave dhe Fidaneve
INST-0410,FK Tomori 1923
INST-0411,FONDACIONI “DURRAH CITY FOOTBALL ACADEMY”
INST-0412,Fakulteti i Bujqësisë dhe Mjedisit Tiranë
INST-0413,Fakulteti i Drejtesise
INST-0414,Fakulteti i Gjuheve te Huaja
INST-0415,Fakulteti i Historise dhe Filologjise
INST-0416,Fakulteti i Mjekesise Tirane
INST-0417,Fakulteti i Shkencave Mjekesore Teknike Tirane
INST-0418,Fakulteti i Shkencave Sociale
INST-0419,Fakulteti i Shkencave te Natyres
INST-0420,Federata Shqiptare e Atletikes
INST-0421,Federata Shqiptare e Boksit
INST-0422,Federata Shqiptare e Qitjes Sportive
INST-0423,Fondacioni Akademia  e Futbollit Luftetari
INST-0424,Fondi Shqiptar i Zhvillimit
INST-0425,Fondi i Sigurimit te Detyrueshem  te Kujdesit Shendetesor Tirane
INST-0426,Galeria Kombetare e Arteve
INST-0427,Galeria e Artit Tiranë
INST-0428,Garda e Republikes
INST-0429,Gjykata Administrative e Apelit Tirane
INST-0430,Gjykata Administrative e Shkalles se Pare Tirane
INST-0431,Gjykata Administrative e Shkallës së Parë Lushnje
INST-0432,Gjykata Kushtetuese
INST-0433,Gjykata e Apelit Tirane
INST-0434,Gjykata e Larte
INST-0435,Gjykata e Posaçme e Apelit per Korrupsionin dhe Krimin e Organizuar
INST-0436,Gjykata e Posaçme e Shkalles se Pare per Korrupsionin dhe Krimin e Organizuar
INST-0437,Gjykata e Rrethit Gjyqesor Berat
INST-0438,Gjykata e Rrethit Gjyqesor Durres
INST-0439,Gjykata e Rrethit Gjyqesor Elbasan
INST-0440,Gjykata e Rrethit Gjyqesor Fier
INST-0441,Gjykata e Rrethit Gjyqesor Korce
INST-0442,Gjykata e Rrethit Gjyqesor Kukes
INST-0443,Gjykata e Rrethit Gjyqesor Lezhe
INST-0444,Gjykata e Rrethit Gjyqesor Sarande
INST-0445,Gjykata e Rrethit Gjyqesor Shkoder
INST-0446,Gjykata e Rrethit Gjyqesor Tirane
INST-0447,Gjykata e Shkalles se Pare e Juridiksionit te Pergjithshem Gjirokster
INST-0448,Gjykata e Shkallës së Parë e Juridiksionit të Përgjithshëm Dibër
INST-0449,Gjykata e Shkallës së Parë e Juridiksionit të Përgjithshëm Vlorë
INST-0450,Green Belsh Sh.a
INST-0451,Green Kolonja Sh.A
INST-0452,HEC LANABREGAS sh.a
INST-0453,Hekurudha Shqiptare sh.a
INST-0454,ILLYRIAN GUARD SH.A
INST-0455,INSTITUCIONI I EKZEKUTIMIT TE VENDIMEVE PENALE POJSKE
INST-0456,Identitek Sh.a
INST-0457,Inspektorati Kombetar i Mbrojtjes se Territorit
INST-0458,Inspektorati Larte Deklarimit dhe Kontrollit Pasurive
INST-0459,Inspektorati Qendror
INST-0460,Inspektorati Shteteror Shendetesor Diber
INST-0461,Inspektorati Shteteror Teknik dhe Industrial
INST-0462,Inspektorati Shteteror i Mbikeqyrjes se Tregut
INST-0463,Inspektorati Shteteror i Punes dhe Sherbimeve Shoqerore Tirane
INST-0464,"Inspektorati i Mbrojtjes se Territorit, Bashkia Tirane"
INST-0465,Inspektori i Larte i Drejtesise
INST-0466,Institucioni i Ekzekutimit Te Vendimeve Penale Burrel
INST-0467,Institucioni i Ekzekutimit Te Vendimeve Penale Fushe Kruje
INST-0468,Institucioni i Ekzekutimit Te Vendimeve Penale Jordan Misja Tirane
INST-0469,Institucioni i Ekzekutimit Te Vendimeve Penale Korce
INST-0470,Institucioni i Ekzekutimit Te Vendimeve Penale Lezhe
INST-0471,Institucioni i Ekzekutimit Te Vendimeve Penale Paraburgimi Mine Peza
INST-0472,Institucioni i Ekzekutimit Te Vendimeve Penale Paraburgimi Vlore
INST-0473,Institucioni i Ekzekutimit Te Vendimeve Penale Paraburgimit Durres
INST-0474,Institucioni i Ekzekutimit Te Vendimeve Penale Rrogozhine
INST-0475,Institucioni i Ekzekutimit te Vendimeve Penale Berat
INST-0476,Institucioni i Ekzekutimit te Vendimeve Penale Fier
INST-0477,Institucioni i Ekzekutimit te Vendimeve Penale Kukes
INST-0478,Institucioni i Ekzekutimit te Vendimeve Penale Paraburgimi Elbasan
INST-0479,Institucioni i Ekzekutimit te Vendimeve Penale Shkoder
INST-0480,Institucioni i Presidentit te Republikes
INST-0481,Instituti Gjeografik Ushtarak
INST-0482,Instituti Kombetar i Regjistrimit te Trashegimise Kulturore
INST-0483,Instituti Kombetar i Trashegimise Kulturore
INST-0484,Instituti i  Transportit Tirane
INST-0485,Instituti i Fizikes Berthamore te Zbatuar
INST-0486,Instituti i Integrimit te Perndjekurve Politike
INST-0487,Instituti i Mjekesise Ligjore
INST-0488,Instituti i Ndertimit
INST-0489,Instituti i Nxenesve qe nuk degjojne
INST-0490,Instituti i Nxenesve qe nuk shikojne
INST-0491,Instituti i Pergatitjes se Qenve te Policise
INST-0492,Instituti i Policisë Shkencore
INST-0493,Instituti i Shendetit Publik Tirane
INST-0494,Instituti i Sigurimeve Shoqerore
INST-0495,Instituti i Sigurise Ushqimore dhe Veterinarise
INST-0496,Instituti i Statistikave
INST-0497,Instituti i Studimeve Europiane
INST-0498,Instituti i Studimeve te Krimeve te Komunizmit
INST-0499,Instituti i te Miturve Kavaje
INST-0500,KAYO SHA
INST-0501,Kantieri i Ndertimit dhe Riparimit te Anijeve Reparti Ushtarak Nr.6022
INST-0502,Keshilli Kombetar i Kontabilitetit
INST-0503,Keshilli i Larte Gjyqesor
INST-0504,Keshilli i Larte i Prokurorise
INST-0505,Keshilli i Ministrave
INST-0506,Keshilli i Qarkut Berat
INST-0507,Keshilli i Qarkut Diber
INST-0508,Keshilli i Qarkut Durres
INST-0509,Keshilli i Qarkut Elbasan
INST-0510,Keshilli i Qarkut Fier
INST-0511,Keshilli i Qarkut Gjirokaster
INST-0512,Keshilli i Qarkut Korce
INST-0513,Keshilli i Qarkut Kukes
INST-0514,Keshilli i Qarkut Lezhe
INST-0515,Keshilli i Qarkut Shkoder
INST-0516,Keshilli i Qarkut Tirane
INST-0517,Keshilli i Qarkut Vlore
INST-0518,Klinika Stomatologjike Universitare Tirane
INST-0519,Klubi Shumesportesh Apollonia sh.a
INST-0520,Klubi Shumesportesh Partizani
INST-0521,Klubi Shumesportesh Skenderbeu Korçe
INST-0522,Klubi Sportiv Flamurtari
INST-0523,Klubi i Futbollit Lushnja 1930
INST-0524,Klubi i Futbollit Teuta
INST-0525,Klubi i Shumesporteve Teuta
INST-0526,Kolegji i Posaçem i Apelimit
INST-0527,"Komanda Mbeshtetese, Reparti Ushtarak Nr. 4001"
INST-0528,Komisariati I Policise Sarande
INST-0529,Komisariati i NSH Tirane
INST-0530,Komisariati i Policise Kufitare Sarande
INST-0531,Komisariati i Policise Nderhyrjes Shpejte Fier
INST-0532,Komisioneri per Mbikqyrjen e Sherbimit Civil
INST-0533,Komisioneri per mbrojtjen nga diskriminimi
INST-0534,Komisioneri per te Drejten e Informimit dhe Mbrojtjen e te dhenave personale
INST-0535,Komisioni Qendror i Zgjedhjeve
INST-0536,Komisioni i Prokurimit Publik
INST-0537,Komiteti Olimpik Kombetar Shqiptar
INST-0538,Komiteti Shqiptar i Biresimit
INST-0539,Komiteti Shteteror i Minoriteteve
INST-0540,Komiteti Shteteror per Kultet
INST-0541,Kontrolli i Larte i Shtetit
INST-0542,Korporata e Investimeve Shqiptare
INST-0543,Kuvendi
INST-0544,LEZHA INVEST SH.P.K
INST-0545,Ministria e Arsimit
INST-0546,Ministria e Brendshme
INST-0547,Ministria e Bujqesise dhe Zhvillimit Rural
INST-0548,Ministria e Drejtesise
INST-0549,Ministria e Ekonomisë dhe Inovacionit
INST-0550,Ministria e Financave
INST-0551,Ministria e Infrastruktures dhe Energjise
INST-0552,Ministria e Mbrojtjes
INST-0553,Ministria e Mjedisit
INST-0554,Ministria e Shendetesise dhe Mbrojtjes Sociale
INST-0555,"Ministria e Turizmit,Kulturës dhe Sportit"
INST-0556,Ministria per Evropen dhe Punet e Jashtme
INST-0557,Muzeu i Artit Mesjetar Korce
INST-0558,Ndermarja e Pastrimit Fier
INST-0559,Ndermarrja Industriale Nr.1 Tirane
INST-0560,Ndermarrja Komunale Kucove
INST-0561,Ndermarrja Rruga Durres
INST-0562,Ndermarrja Sherbimeve Komunale Durres
INST-0563,Ndermarrja Sherbimeve Komunale Plazh
INST-0564,Ndermarrja e Gjelberimit Vlore
INST-0565,Ndermarrja e Gjelberimit dhe Mirembajtjes se Varrezave Publike Bashkia Kamez
INST-0566,Ndermarrja e Mirembajtjes se Infrastrukturave dhe Puneve Publike Pogradec
INST-0567,Ndermarrja e Parqeve dhe Rekreacionit
INST-0568,Ndermarrja e Pastrimit Kamez
INST-0569,Ndermarrja e Pastrimit Vlorë
INST-0570,Ndermarrja e Pasurive Publike Lushnje
INST-0571,Ndermarrja e Prodhimit te Celiqeve Elbasan
INST-0572,"Ndermarrja e Sherbimeve Mbeshtetese te Arsimit dhe Cerdhes, Korce"
INST-0573,Ndermarrja e Sherbimeve Publike Corovode
INST-0574,Ndermarrja e Sherbimeve Publike Fier
INST-0575,Ndermarrja e Sherbimeve Publike Himare
INST-0576,Ndermarrja e Sherbimeve Publike Korce
INST-0577,Ndermarrja e Sherbimeve Publike Mallakaster
INST-0578,Ndermarrja e Sherbimeve Publike Roskovec
INST-0579,Ndermarrja e Sherbimeve Publike Sarande
INST-0580,Ndermarrja e Sherbimeve Publike Vlore
INST-0581,Ndermarrja e Sherbimeve Publike Vore
INST-0582,Ndermarrja e Trajtimit te Studenteve Korce
INST-0583,Ndermarrja e Trajtimit te Studenteve Shkoder
INST-0584,Ndermarrja e Trajtimit te Studenteve Vlore
INST-0585,Ndermarrja e Ujitjes dhe Kullimit Fier
INST-0586,Nderrmarrja e Sherbimeve dhe Puneve Publike
INST-0587,Ndërmarrja e Dekorit dhe Eventeve Tirane
INST-0588,Ndërmarrja e Menaxhimit të Mbetjeve Vlorë
INST-0589,Ndërmarrja e Menaxhimit të Parqeve dhe Gjelbërimit Fier
INST-0590,Ndërmarrja e Parqeve dhe Rekreacionit Kamëz
INST-0591,Ndërmarrja e Shërbimeve Publike Kamez
INST-0592,Njesia Periferike HEC Koman
INST-0593,Njesia Periferike HEC Vau Dejes
INST-0594,Njesia Vendore e Kujdesit Shendetesor Devoll
INST-0595,Njesia Vendore e Kujdesit Shendetesor Durres
INST-0596,Njesia Vendore e Kujdesit Shendetesor Elbasan
INST-0597,Njesia Vendore e Kujdesit Shendetesor Fier
INST-0598,Njesia Vendore e Kujdesit Shendetesor Gramsh
INST-0599,Njesia Vendore e Kujdesit Shendetesor Kavaje
INST-0600,Njesia Vendore e Kujdesit Shendetesor Korce
INST-0601,Njesia Vendore e Kujdesit Shendetesor Kurbin
INST-0602,Njesia Vendore e Kujdesit Shendetesor Kuçove
INST-0603,Njesia Vendore e Kujdesit Shendetesor Lezhe
INST-0604,Njesia Vendore e Kujdesit Shendetesor Lushnje
INST-0605,Njesia Vendore e Kujdesit Shendetesor Malesi e Madhe
INST-0606,Njesia Vendore e Kujdesit Shendetesor Permet
INST-0607,Njesia Vendore e Kujdesit Shendetesor Shkoder
INST-0608,Njesia Vendore e Kujdesit Shendetesor Tepelene
INST-0609,Njesia Vendore e Kujdesit Shendetesor Tirane
INST-0610,Njesia Vendore e Kujdesit Shendetesor Tropoje
INST-0611,Njesia e Prodhimit HEC Fierze
INST-0612,Njësia Vendore e Kujdesit Shëndetësor Berat
INST-0613,OST Njesia Operative Burrel
INST-0614,OST Njesia Operative Elbasan
INST-0615,OST Njesia Operative Fier
INST-0616,OST Njesia Operative Korce
INST-0617,OST Njesia Operative Shkoder
INST-0618,OST Njesia Operative Tirane
INST-0619,OST Njesia e Mirembajtjes se Transmetimit
INST-0620,Opera Divina Prov. Madonnina D. Grappa
INST-0621,Operatori i Blerjeve te Perqendruara
INST-0622,Operatori i Sherbimeve te Kujdesit Shendetesor
INST-0623,Operatori i Shperndarjes se Energjise Elektrike Group sh.a
INST-0624,Operatori i Shërbimeve të Integruara Shëndetësore Sh.A
INST-0625,Operatori i Shërbimeve të Integruara të Sterilizimit Sh.A
INST-0626,Operatori i Sistemit te Transmetimit OST
INST-0627,Prefekti i Qarkut Berat
INST-0628,Prefekti i Qarkut Diber
INST-0629,Prefekti i Qarkut Fier
INST-0630,Prefekti i Qarkut Gjirokaster
INST-0631,Prefekti i Qarkut Korce
INST-0632,Prefekti i Qarkut Kukes
INST-0633,Prefekti i Qarkut Shkoder
INST-0634,Prefekti i Qarkut Vlore
INST-0635,Prokuroria e Apelit Tirane
INST-0636,Prokuroria e Posaçme Kunder Korrupsionit dhe Krimit te Organizuar
INST-0637,Prokuroria e Rrethit Gjyqesor Diber
INST-0638,Prokuroria e Rrethit Gjyqesor Durres
INST-0639,Prokuroria e Rrethit Gjyqesor Elbasan
INST-0640,Prokuroria e Rrethit Gjyqesor Fier
INST-0641,Prokuroria e Rrethit Gjyqesor Gjirokaster
INST-0642,Prokuroria e Rrethit Gjyqesor Korce
INST-0643,Prokuroria e Rrethit Gjyqesor Sarande
INST-0644,Prokuroria e Rrethit Gjyqesor Shkoder
INST-0645,Prokuroria e Rrethit Gjyqesor Tirane
INST-0646,Prokuroria e Rrethit Gjyqesor Vlore
INST-0647,Qendra Arsimore Pogradec
INST-0648,Qendra Balneare Peshkopi
INST-0649,Qendra Ditore Polivalente Kamez
INST-0650,Qendra Ditore Polivalente Sarande
INST-0651,Qendra Ditore e te Moshuarve Durres
INST-0652,Qendra Ekonomike e Arsimit Bashkia Berat
INST-0653,Qendra Ekonomike e Arsimit Bashkia Durres
INST-0654,Qendra Ekonomike e Arsimit Bashkia Fier
INST-0655,Qendra Ekonomike e Arsimit Bashkia Kucove
INST-0656,Qendra Kombetare Pritese e Viktimave te Trafikimit
INST-0657,Qendra Kombetare Teknike Bio-Mjekesore
INST-0658,Qendra Kombetare e Biznesit
INST-0659,Qendra Kombetare e Kinematografise
INST-0660,Qendra Kombetare e Kultures per Femije
INST-0661,Qendra Kombetare e Trajtimit te Viktimave te Dhunes ne Familje
INST-0662,Qendra Kombetare e Transfuzionit te Gjakut Tirane
INST-0663,Qendra Kombetare e Urgjences Mjekesore
INST-0664,Qendra Kombetare e Veprimtarive Folklorike
INST-0665,Qendra Komunitare Multidisiplinare Tirane
INST-0666,Qendra Komunitare Shkoze Tirane
INST-0667,Qendra Komunitare Sociale Streheza
INST-0668,Qendra Komunitare Te Qendrojme se Bashku
INST-0669,Qendra Komunitare e Terrenit
INST-0670,Qendra Komunitare për Personat me Aftësi të Kufizuar Tiranë
INST-0671,Qendra Kulturore Durres
INST-0672,Qendra Kulturore Margarita Tutulani Berat
INST-0673,Qendra Kulturore Tirana
INST-0674,Qendra Kulturore Vlore
INST-0675,Qendra Kulturore dhe Klubi Sportiv Lushnje
INST-0676,Qendra Kulturore e Femijeve Durres
INST-0677,Qendra Multifunksionale Pogradec Sh.a
INST-0678,"Qendra Muzeore Berat-Muzeu i Ikonografise “ONUFRI”, Muzeu Etnografik Berat"
INST-0679,Qendra Muzeore Durres
INST-0680,Qendra Nderinstitucionale Operacionale Detare
INST-0681,Qendra Nderinstitucionale e Rrjetit Akademik Shqiptar
INST-0682,Qendra Polivalente per Sherbime te Perkujdesit Shoqeror Polican
INST-0683,Qendra Rajonale e Inovacionit te Insitutit Evropian te Teknologjise dhe Inovacionit per Lendet ePara
INST-0684,Qendra Rinore Ten
INST-0685,Qendra Shendetesore  Vertop Berat
INST-0686,Qendra Shendetesore Ana e Malit
INST-0687,Qendra Shendetesore Balldre
INST-0688,Qendra Shendetesore Bathore
INST-0689,Qendra Shendetesore Belsh
INST-0690,Qendra Shendetesore Berdice Shkoder
INST-0691,Qendra Shendetesore Berxulle Tirane
INST-0692,Qendra Shendetesore Bicaj Kukes
INST-0693,Qendra Shendetesore Bradashesh Elbasan
INST-0694,Qendra Shendetesore Brataj
INST-0695,Qendra Shendetesore Bregu i Lumit
INST-0696,Qendra Shendetesore Bubullime Lushnje
INST-0697,Qendra Shendetesore Bucimas
INST-0698,Qendra Shendetesore Bulgarec Qender Korce
INST-0699,Qendra Shendetesore Cakran
INST-0700,Qendra Shendetesore Cerrave
INST-0701,Qendra Shendetesore Cerrik
INST-0702,Qendra Shendetesore Dajc Shkoder
INST-0703,Qendra Shendetesore Dardhas
INST-0704,Qendra Shendetesore Divjak Lushnje
INST-0705,Qendra Shendetesore Dushk
INST-0706,Qendra Shendetesore Fajza-Gjinaj  Has
INST-0707,Qendra Shendetesore Fan
INST-0708,Qendra Shendetesore Fier
INST-0709,Qendra Shendetesore Fierze Belesh Elbasan
INST-0710,Qendra Shendetesore Frakull Fier
INST-0711,Qendra Shendetesore Fratar Mallakaster
INST-0712,Qendra Shendetesore Fushe Arrez
INST-0713,Qendra Shendetesore Fushe Bulqize
INST-0714,Qendra Shendetesore Fushe Cidhen
INST-0715,Qendra Shendetesore Fushe Kruje
INST-0716,Qendra Shendetesore Gjocaj
INST-0717,Qendra Shendetesore Golaj
INST-0718,Qendra Shendetesore Golem Kavaje
INST-0719,Qendra Shendetesore Gose Kavaje
INST-0720,Qendra Shendetesore Gostime
INST-0721,Qendra Shendetesore Gracen Elbasan
INST-0722,Qendra Shendetesore Gradisht
INST-0723,Qendra Shendetesore Himare
INST-0724,Qendra Shendetesore Hotolisht Librazhd
INST-0725,Qendra Shendetesore Iballe
INST-0726,Qendra Shendetesore Kallmet Lezhe
INST-0727,Qendra Shendetesore Kamez
INST-0728,Qendra Shendetesore Kastrat Malesi e Madhe
INST-0729,Qendra Shendetesore Katund i Ri Durres
INST-0730,Qendra Shendetesore Kavaje
INST-0731,Qendra Shendetesore Kelcyre
INST-0732,Qendra Shendetesore Kelmend
INST-0733,Qendra Shendetesore Kenete Durres
INST-0734,Qendra Shendetesore Klos Mat
INST-0735,Qendra Shendetesore Koder Kamez Tirane
INST-0736,Qendra Shendetesore Kodovjat
INST-0737,Qendra Shendetesore Kolonje Lushnje
INST-0738,Qendra Shendetesore Komsi Mat
INST-0739,Qendra Shendetesore Konispol Sarande
INST-0740,Qendra Shendetesore Kozare
INST-0741,Qendra Shendetesore Kruje
INST-0742,Qendra Shendetesore Krume
INST-0743,Qendra Shendetesore Kryevidh Kavaje
INST-0744,Qendra Shendetesore Ksmail Sarande
INST-0745,Qendra Shendetesore Kthelle Mirdite
INST-0746,Qendra Shendetesore Kucove
INST-0747,Qendra Shendetesore Kukes
INST-0748,Qendra Shendetesore Labinot Mal Elbasan
INST-0749,Qendra Shendetesore Lekaj
INST-0750,Qendra Shendetesore Libofshe Fier
INST-0751,Qendra Shendetesore Libohove
INST-0752,Qendra Shendetesore Llugaj Tropoje
INST-0753,Qendra Shendetesore Lumas Berat
INST-0754,Qendra Shendetesore Luz i Vogel
INST-0755,Qendra Shendetesore Maliq
INST-0756,Qendra Shendetesore Maminas Durres
INST-0757,Qendra Shendetesore Mamurras
INST-0758,Qendra Shendetesore Manez Durres
INST-0759,Qendra Shendetesore Maqellare Diber
INST-0760,Qendra Shendetesore Mollas Elbasan
INST-0761,Qendra Shendetesore Narte Vlore
INST-0762,Qendra Shendetesore Ndroq
INST-0763,Qendra Shendetesore Nikel Kruje
INST-0764,Qendra Shendetesore Nr.1 Berat
INST-0765,Qendra Shendetesore Nr.1 Durres
INST-0766,Qendra Shendetesore Nr.1 Lushnje
INST-0767,Qendra Shendetesore Nr.1 Shkoder
INST-0768,Qendra Shendetesore Nr.10 Tirane
INST-0769,Qendra Shendetesore Nr.2 Berat
INST-0770,Qendra Shendetesore Nr.2 Lushnje
INST-0771,Qendra Shendetesore Nr.2 Shkoder
INST-0772,Qendra Shendetesore Nr.2 Vlore
INST-0773,Qendra Shendetesore Nr.3 Durres
INST-0774,Qendra Shendetesore Nr.3 Elbasan
INST-0775,Qendra Shendetesore Nr.3 Tirane
INST-0776,Qendra Shendetesore Nr.4  Elbasan
INST-0777,Qendra Shendetesore Nr.4  Tirane
INST-0778,Qendra Shendetesore Nr.4 Durres
INST-0779,Qendra Shendetesore Nr.4 Shkoder
INST-0780,Qendra Shendetesore Nr.5 Tirane
INST-0781,Qendra Shendetesore Nr.6 Tirane
INST-0782,Qendra Shendetesore Nr.7 Durres
INST-0783,Qendra Shendetesore Nr.7 Tirane
INST-0784,Qendra Shendetesore Nr.8 Tirane
INST-0785,Qendra Shendetesore Nr.9 Tirane
INST-0786,Qendra Shendetesore Orosh
INST-0787,Qendra Shendetesore Paper
INST-0788,Qendra Shendetesore Paskuqan
INST-0789,Qendra Shendetesore Pellumb Dollani Polican
INST-0790,Qendra Shendetesore Perondi
INST-0791,Qendra Shendetesore Peshkopi
INST-0792,Qendra Shendetesore Petrele
INST-0793,Qendra Shendetesore Peze Tirane
INST-0794,Qendra Shendetesore Pogon-Zagori
INST-0795,Qendra Shendetesore Pogradec
INST-0796,Qendra Shendetesore Pojan
INST-0797,Qendra Shendetesore Poshnje Berat
INST-0798,Qendra Shendetesore Proptisht
INST-0799,Qendra Shendetesore Pult
INST-0800,Qendra Shendetesore Qender Potom Leshnje
INST-0801,Qendra Shendetesore Qytet Studenti Tirane
INST-0802,Qendra Shendetesore Rajoni Nr.1 Korçe
INST-0803,Qendra Shendetesore Rajoni Nr.3 Korçe
INST-0804,Qendra Shendetesore Roshnik Berat
INST-0805,Qendra Shendetesore Roskovec
INST-0806,Qendra Shendetesore Rrashbull Durres
INST-0807,Qendra Shendetesore Rreshen
INST-0808,Qendra Shendetesore Rrethine Shkoder
INST-0809,Qendra Shendetesore Rrogozhine
INST-0810,Qendra Shendetesore Rubik Mirdite
INST-0811,Qendra Shendetesore Sarande
INST-0812,Qendra Shendetesore Selenice
INST-0813,Qendra Shendetesore Selite Tirane
INST-0814,Qendra Shendetesore Shale Shkoder
INST-0815,Qendra Shendetesore Sheze
INST-0816,Qendra Shendetesore Shijak Durres
INST-0817,Qendra Shendetesore Shirgjan Elbasan
INST-0818,Qendra Shendetesore Shishtavec
INST-0819,Qendra Shendetesore Shkoze Tirane
INST-0820,Qendra Shendetesore Shllak-Temal
INST-0821,Qendra Shendetesore Shtiqen
INST-0822,Qendra Shendetesore Shushice Elbasan
INST-0823,Qendra Shendetesore Shushice Vlore
INST-0824,Qendra Shendetesore Stravaj Librazhd
INST-0825,Qendra Shendetesore Suc Mat
INST-0826,Qendra Shendetesore Sukth Durres
INST-0827,Qendra Shendetesore Thoma Rrudha Patos
INST-0828,Qendra Shendetesore Thumane Kruje
INST-0829,Qendra Shendetesore Tomin Diber
INST-0830,Qendra Shendetesore Trebinje Pogradec
INST-0831,Qendra Shendetesore Tropoje
INST-0832,Qendra Shendetesore Ura Vajgurore Berat
INST-0833,Qendra Shendetesore Vau Dejes Shkoder
INST-0834,Qendra Shendetesore Velabisht Berat
INST-0835,Qendra Shendetesore Velcan Pogradec
INST-0836,Qendra Shendetesore Velipoje
INST-0837,Qendra Shendetesore Vllahine
INST-0838,Qendra Shendetesore Vore Tirane
INST-0839,Qendra Shendetesore Vranisht
INST-0840,Qendra Shendetesore Vreshtas Korce
INST-0841,Qendra Shendetesore Xhafzotaj
INST-0842,Qendra Shendetesore Zerqan
INST-0843,Qendra Shendetesore e Specialiteteve Nr. 3 Tirane
INST-0844,Qendra Shendetesore e Specialiteteve Nr.1
INST-0845,Qendra Shendetesore e Specialiteteve Nr.2
INST-0846,Qendra Sociale Gonxhe Bojaxhi
INST-0847,Qendra Socio-Shendetesore Kashar
INST-0848,Qendra Socio-Shendetesore Nr.1 Tirane
INST-0849,Qendra Socio-Shendetesore Nr.2 Durres
INST-0850,Qendra Socio-Shendetesore Nr.2 Tirane
INST-0851,Qendra Spitalore Rajonale Berat
INST-0852,Qendra Spitalore Rajonale e Tiranes Shefqet Ndroqi
INST-0853,Qendra Spitalore Universitare Nene Tereza Tirane
INST-0854,Qendra Spitalore e Burgjeve Tirane
INST-0855,Qendra Sportive Tirane
INST-0856,Qendra e Arsimit Lushnje
INST-0857,Qendra e Artit dhe e Kultures Korce
INST-0858,Qendra e Botimeve Zyrtare
INST-0859,Qendra e Botimeve per Diasporen
INST-0860,Qendra e Formimit Profesional Publik Elbasan
INST-0861,Qendra e Formimit Profesional Publik Fier
INST-0862,Qendra e Formimit Profesional Publik Korce
INST-0863,Qendra e Formimit Profesional Publik Shkoder
INST-0864,Qendra e Formimit Profesional Publik Vlore
INST-0865,Qendra e Furnizimit Materialo Teknik Mullet
INST-0866,Qendra e Inovacionit te Sigurise dhe Mbrojtjes
INST-0867,Qendra e Koordinimit Kundër Ekstremizmit të Dhunshëm
INST-0868,Qendra e Parandalimit të Krimeve të të Miturve dhe të Rinjve
INST-0869,Qendra e Pritjes per Azil Tirane
INST-0870,"Qendra e Restaurimit dhe Realizimit te Veprave te Artit, Tirana"
INST-0871,Qendra e Riparimit dhe Mirembatjes se Teknikes se FA
INST-0872,Qendra e Sherbimeve Arsimore
INST-0873,Qendra e Sherbimit  dhe Administrimit te Mjeteve te Transportit te Policise se Shtetit
INST-0874,Qendra e Specialiteteve Paskuqan Tirane
INST-0875,Qendra e Studimeve dhe Publikimeve per Arbereshet
INST-0876,Qendra e Transferimit Te Teknologjive Bujqesore Fushe Kruje
INST-0877,Qendra e Transferimit Te Teknologjive Bujqesore Korce
INST-0878,Qendra e Transferimit Te Teknologjive Bujqesore Lushnje
INST-0879,Qendra e Transferimit Te Teknologjive Bujqesore Shkoder
INST-0880,Qendra e Zhvillimit  Rezidencial Durres
INST-0881,Qendra e Zhvillimit Ditor Korce
INST-0882,Qendra e Zhvillimit Ditor Trendafilat
INST-0883,Qendra e Zhvillimit Edukimit Integrimit Lira
INST-0884,Qendra e Zhvillimit Pellumbat Tirane
INST-0885,Qendra e Zhvillimit Rezidencial Korce
INST-0886,Qendra e Zhvillimit Rezidencial Une jam si Ju Berat
INST-0887,Qendra e Zhvillimit Shkoder
INST-0888,Qendra e Zhvillimit te Personave me Aftesi te Kufizuar Vlore
INST-0889,Qendra “Klubi Sportiv Tirana”
INST-0890,REPARTI USHTARAK NR.4040
INST-0891,Regjistri Detar Shqiptar sh.a
INST-0892,Reparti I Policise RENEA Tirane
INST-0893,Reparti I Sigurimit Brendshem dhe Ceremonial Tirane
INST-0894,Reparti Ushtarak 4002
INST-0895,Reparti Ushtarak Nr. 1020
INST-0896,Reparti Ushtarak Nr. 2030
INST-0897,Reparti Ushtarak Nr. 6604
INST-0898,Reparti Ushtarak Nr.1001 Komanda e Forces Tokesore Tirane
INST-0899,Reparti Ushtarak Nr.1010
INST-0900,Reparti Ushtarak Nr.1060
INST-0901,Reparti Ushtarak Nr.2001 Komanda e Forcave Detare Durres
INST-0902,Reparti Ushtarak Nr.3001 Komanda e Forcave Ajrore Tirane
INST-0903,Reparti Ushtarak Nr.4007
INST-0904,Reparti Ushtarak Nr.4030
INST-0905,Reparti Ushtarak Nr.5001 Komanda e Doktrines dhe Stervitjes Tirane
INST-0906,Reparti Ushtarak Nr.5005
INST-0907,Reparti Ushtarak Nr.6630 Tirane
INST-0908,Reparti Ushtarak Nr.6640 Agjencia e Sistemeve te Nderlidhjes dhe Informacionit(Ish 4402)
INST-0909,"Reparti Ushtarak Nr.6660 Qendra e Kultures, Medias dhe Botimeve te Mbrojtjes"
INST-0910,Reparti Ushtarak Nr.6670 Qendra e Personel Rekrutimit Tirane
INST-0911,Reparti Ushtarak Nr.6680
INST-0912,Rezidenca Studentore Universitare Nr. 2
INST-0913,Rezidenca Studentore Universitare Nr.1
INST-0914,SH.A Administrimi i Mbetjeve Qarkut Korce
INST-0915,SH.A Ujesjelles Kanalizime Tirane
INST-0916,SHISH Sherbimi Informativ i Shtetit
INST-0917,SHKOLLA PROFESIONALE ELBASAN
INST-0918,SKODRINON SH.A
INST-0919,SPITALI RAJONAL ELBASAN
INST-0920,Sh.A Albpetrol
INST-0921,Sh.A Korporata Elektroenergjitike Shqiptare Tirane
INST-0922,Sh.A Porti Detar Sarande
INST-0923,Sh.A Porti Detar Shengjin
INST-0924,Sh.A Porti Detar Vlore
INST-0925,Sh.A Posta Shqiptare
INST-0926,Sh.A Posta Shqiptare Filiali Hibrid Mail
INST-0927,Sh.A Posta Shqiptare Filiali Tirane
INST-0928,Sh.A Ujesjelles Kanalizime Vore
INST-0929,Sherbimi Gjeologjik Shqiptar
INST-0930,Sherbimi Informativ i Shtetit Drejtoria Vlore
INST-0931,Sherbimi Social Shteteror
INST-0932,Sherbimi i Proves
INST-0933,Shkolla Koreografike Tiranë
INST-0934,Shkolla Luigj Gurakuqi Tirane
INST-0935,Shkolla Mekanike Bujqesore “Hasan D Gina” Lushnje
INST-0936,Shkolla Profesionale Sherbime Korce
INST-0937,Shkolla Profesionale Teknike Korce
INST-0938,Shkolla Profesionale “Shën Jozefi Punëtor” Rrëshen
INST-0939,Shkolla Teknike Ekonomike Tirane
INST-0940,Shkolla e Magjistratures
INST-0941,Shkolla e Mesme Hoteleri Turizem Tirane
INST-0942,Shkolla e Mesme Kristo Isak Berat
INST-0943,Shkolla e Mesme Mihal Shahini Cerrik
INST-0944,Shkolla e Mesme Profesionale Antoni Athanas Sarande
INST-0945,Shkolla e Mesme Profesionale Beqir Cela Durres
INST-0946,Shkolla e Mesme Profesionale Charles Telford Erikson Kavaje
INST-0947,Shkolla e Mesme Profesionale Kamez
INST-0948,Shkolla e Mesme Profesionale Kolin Gjoka
INST-0949,Shkolla e Mesme Profesionale Nazmi Rushiti Peshkopi
INST-0950,Shkolla e Mesme Profesionale Ndre Mjeda Bushat
INST-0951,Shkolla e Mesme Profesionale Petro Sota Fier
INST-0952,Shkolla e Mesme Profesionale Stiliano Bandilli Berat
INST-0953,Shkolla e Mesme Profesionale Thoma Papapano Gjirokaster
INST-0954,Shkolla e Mesme Profesionale e Teknologjise Hamdi Bushati Shkoder
INST-0955,Shkolla e Mesme Teknologjike Hysen Çela Durres
INST-0956,Shkolla e Mesme e Ndertimit Karl Gega Tirane
INST-0957,Shoqeria Rajonale Ujesjelles Kanalizime Vlore Sh.A
INST-0958,Shoqeria Rajonale Ujesjelles-Kanalizime Qarku Shkoder SH.A
INST-0959,Shoqëria Rajonale Ujësjellës Kanalizime Berat SH.A
INST-0960,Shoqëria Rajonale Ujësjellës Kanalizime Dibër SH.A
INST-0961,Shoqëria Rajonale Ujësjellës Kanalizime Durrës Sh.A
INST-0962,Shoqëria Rajonale Ujësjellës Kanalizime Elbasan SH.A
INST-0963,Shoqëria Rajonale Ujësjellës Kanalizime Fier SH.A
INST-0964,Shoqëria Rajonale Ujësjellës Kanalizime Gjirokastër SH.A
INST-0965,Shoqëria Rajonale Ujësjellës Kanalizime Korçë SH.A
INST-0966,Shoqëria Rajonale Ujësjellës Kanalizime Kukës SH.A
INST-0967,Shoqëria Rajonale Ujësjellës Kanalizime Lezhë SH.A
INST-0968,Shoqëria Rajonale Ujësjellës Kanalizime Lushnje SH.A
INST-0969,Shoqëria Rajonale Ujësjellës Kanalizime Pogradec Sh.A
INST-0970,Shoqëria Rajonale Ujësjellës Kanalizime Sarandë SH.A
INST-0971,Shtepia Qendrore e Forcave te Armatosura
INST-0972,Shtepia e Femijes per Grupmoshen 16-18 vjeç Shkoder
INST-0973,Shtepia e Femijeve 6 - 14 vjec Shkoder
INST-0974,Shtepia e Femijeve Shkollore Tirane
INST-0975,Shtepia e Foshnjes 0 - 6 vjec Vlore
INST-0976,Shtepia e Foshnjes Durres
INST-0977,Shtepia e Foshnjes Tirane
INST-0978,Shtepia e Pushimit MB Durres
INST-0979,Shtepia e femijeve 0 – 5 vjec Shkoder
INST-0980,Shtepia e te Moshuarve Fier
INST-0981,Shtepia e te Moshuarve Gjirokaster
INST-0982,Shtepia e te Moshuarve Kavaje
INST-0983,Shtepia e te Moshuarve Shkoder
INST-0984,Shtepia e te Moshuarve Tirane
INST-0985,Shtypshkronja e Letrave me Vlere
INST-0986,Spitali Fier
INST-0987,Spitali Obsetrik Gjinekologjik Mbreteresha Geraldine
INST-0988,Spitali Obstetrik Gjinekologjik Koco Gliozheni
INST-0989,Spitali Psikiatrik Ali Mihali Vlore
INST-0990,Spitali Psikiatrik Sadik Dinci Elbasan
INST-0991,Spitali Rajonal “Memorial” Fier
INST-0992,Spitali Sarande
INST-0993,Spitali Universitar i Traumes
INST-0994,Sport Klub Bulqiza
INST-0995,Teatri Kombetar
INST-0996,Teatri Kombetar Eksperimental Kujtim Spahivogli
INST-0997,"Teatri Kombetar i Operas, Baletit dhe Ansamblit Popullor"
INST-0998,Teatri Petro Marko Vlore
INST-0999,Teda Tirane Shpk
INST-1000,Termocentrali Vlore sh.a
INST-1001,Tirana Agrikulture
INST-1002,Tirana Parking
INST-1003,Tregu i Shitjes me Shumice Fruta - Perime Korce
INST-1004,Ujesjelles-Kanalizime Kamez Sh.a
INST-1005,Universiteti Aleksander Moisiu Durres
INST-1006,Universiteti Aleksander Xhuvani Elbasan
INST-1007,Universiteti Bujqesor Tirane
INST-1008,Universiteti Eqrem Çabej Gjirokaster
INST-1009,Universiteti Fan Noli Korce
INST-1010,Universiteti Ismail Qemali Vlore
INST-1011,Universiteti Luigj Gurakuqi Shkoder
INST-1012,Universiteti Politeknik Tirane
INST-1013,Universiteti i Arteve
INST-1014,Universiteti i Mjekesise Tirane
INST-1015,Universiteti i Sporteve te Tiranes (ish A.E.F.S Vojo Kushi)
INST-1016,Universiteti i Tiranes
INST-1017,Vlora Invest Shpk
INST-1018,Vlora Parking ShA
INST-1019,Zyra Arsimore Sarande
INST-1020,Zyra Ekonomike e Arsimit Sarande
INST-1021,Zyra Permbarimore Vendore Durrës
INST-1022,Zyra Permbarimore Vendore Elbasan
INST-1023,Zyra Rajonale e Sherbimit Social Shteteror  Vlore
INST-1024,Zyra Rajonale e Sherbimit Social Shteteror Berat
INST-1025,Zyra Rajonale e Sherbimit Social Shteteror Durres
INST-1026,Zyra Rajonale e Sherbimit Social Shteteror Elbasan
INST-1027,Zyra Rajonale e Sherbimit Social Shteteror Fier
INST-1028,Zyra Rajonale e Sherbimit Social Shteteror Korce
INST-1029,Zyra Rajonale e Sherbimit Social Shteteror Kukes
INST-1030,Zyra Rajonale e Sherbimit Social Shteteror Tirane
INST-1031,Zyra Vendore Arsimore Bulqize
INST-1032,Zyra Vendore Arsimore Fier
INST-1033,Zyra Vendore e Sherbimit Kombetar te Punesimit Vlore
INST-1034,Zyra e Administrimit të Parkut Kombëtar “Lumi i Vjosës”
INST-1035,Zyra e Prokurorit te Pergjithshem
