id_dokumenti_financiar,statusi
DOC-0000001,regjistruar
DOC-0000002,regjistruar
DOC-0000003,regjistruar
DOC-0000004,regjistruar
DOC-0000005,regjistruar
DOC-0000006,regjistruar
DOC-0000007,regjistruar
DOC-0000008,regjistruar
DOC-0000009,regjistruar
DOC-0000010,regjistruar
DOC-0000011,regjistruar
DOC-0000012,regjistruar
DOC-0000013,regjistruar
DOC-0000014,regjistruar
DOC-0000015,regjistruar
DOC-0000016,regjistruar
DOC-0000017,regjistruar
DOC-0000018,regjistruar
DOC-0000019,regjistruar
DOC-0000020,regjistruar
DOC-0000021,regjistruar
DOC-0000022,regjistruar
DOC-0000023,regjistruar
DOC-0000024,regjistruar
DOC-0000025,regjistruar
DOC-0000026,regjistruar
DOC-0000027,regjistruar
DOC-0000028,regjistruar
DOC-0000029,regjistruar
DOC-0000030,regjistruar
DOC-0000031,regjistruar
DOC-0000032,regjistruar
DOC-0000033,regjistruar
DOC-0000034,regjistruar
DOC-0000035,regjistruar
DOC-0000036,regjistruar
DOC-0000037,regjistruar
DOC-0000038,regjistruar
DOC-0000039,regjistruar
DOC-0000040,regjistruar
DOC-0000041,regjistruar
DOC-0000042,regjistruar
DOC-0000043,regjistruar
DOC-0000044,regjistruar
DOC-0000045,regjistruar
DOC-0000046,regjistruar
DOC-0000047,regjistruar
DOC-0000048,regjistruar
DOC-0000049,regjistruar
DOC-0000050,regjistruar
DOC-0000051,regjistruar
DOC-0000052,regjistruar
DOC-0000053,regjistruar
DOC-0000054,regjistruar
DOC-0000055,regjistruar
DOC-0000056,regjistruar
DOC-0000057,regjistruar
DOC-0000058,regjistruar
DOC-0000059,regjistruar
DOC-0000060,regjistruar
DOC-0000061,regjistruar
DOC-0000062,regjistruar
DOC-0000063,regjistruar
DOC-0000064,regjistruar
DOC-0000065,regjistruar
DOC-0000066,regjistruar
DOC-0000067,regjistruar
DOC-0000068,regjistruar
DOC-0000069,regjistruar
DOC-0000070,regjistruar
DOC-0000071,regjistruar
DOC-0000072,regjistruar
DOC-0000073,regjistruar
DOC-0000074,regjistruar
DOC-0000075,regjistruar
DOC-0000076,regjistruar
DOC-0000077,regjistruar
DOC-0000078,regjistruar
DOC-0000079,regjistruar
DOC-0000080,regjistruar
DOC-0000081,regjistruar
DOC-0000082,regjistruar
DOC-0000083,regjistruar
DOC-0000084,regjistruar
DOC-0000085,regjistruar
DOC-0000086,regjistruar
DOC-0000087,regjistruar
DOC-0000088,regjistruar
DOC-0000089,regjistruar
DOC-0000090,regjistruar
DOC-0000091,regjistruar
DOC-0000092,regjistruar
DOC-0000093,regjistruar
DOC-0000094,regjistruar
DOC-0000095,regjistruar
DOC-0000096,regjistruar
DOC-0000097,regjistruar
DOC-0000098,regjistruar
DOC-0000099,regjistruar
DOC-0000100,regjistruar
DOC-0000101,regjistruar
DOC-0000102,regjistruar
DOC-0000103,regjistruar
DOC-0000104,regjistruar
DOC-0000105,regjistruar
DOC-0000106,regjistruar
DOC-0000107,regjistruar
DOC-0000108,regjistruar
DOC-0000109,regjistruar
DOC-0000110,regjistruar
DOC-0000111,regjistruar
DOC-0000112,regjistruar
DOC-0000113,regjistruar
DOC-0000114,regjistruar
DOC-0000115,regjistruar
DOC-0000116,regjistruar
DOC-0000117,regjistruar
DOC-0000118,regjistruar
DOC-0000119,regjistruar
DOC-0000120,regjistruar
DOC-0000121,regjistruar
DOC-0000122,regjistruar
DOC-0000123,regjistruar
DOC-0000124,regjistruar
DOC-0000125,regjistruar
DOC-0000126,regjistruar
DOC-0000127,regjistruar
DOC-0000128,regjistruar
DOC-0000129,regjistruar
DOC-0000130,regjistruar
DOC-0000131,regjistruar
DOC-0000132,regjistruar
DOC-0000133,regjistruar
DOC-0000134,regjistruar
DOC-0000135,regjistruar
DOC-0000136,regjistruar
DOC-0000137,regjistruar
DOC-0000138,regjistruar
DOC-0000139,regjistruar
DOC-0000140,regjistruar
DOC-0000141,regjistruar
DOC-0000142,regjistruar
DOC-0000143,regjistruar
DOC-0000144,regjistruar
DOC-0000145,regjistruar
DOC-0000146,regjistruar
DOC-0000147,regjistruar
DOC-0000148,regjistruar
DOC-0000149,regjistruar
DOC-0000150,regjistruar
DOC-0000151,regjistruar
DOC-0000152,regjistruar
DOC-0000153,regjistruar
DOC-0000154,regjistruar
DOC-0000155,regjistruar
DOC-0000156,regjistruar
DOC-0000157,regjistruar
DOC-0000158,regjistruar
DOC-0000159,regjistruar
DOC-0000160,regjistruar
DOC-0000161,regjistruar
DOC-0000162,regjistruar
DOC-0000163,regjistruar
DOC-0000164,regjistruar
DOC-0000165,regjistruar
DOC-0000166,regjistruar
DOC-0000167,regjistruar
DOC-0000168,regjistruar
DOC-0000169,regjistruar
DOC-0000170,regjistruar
DOC-0000171,regjistruar
DOC-0000172,regjistruar
DOC-0000173,regjistruar
DOC-0000174,regjistruar
DOC-0000175,regjistruar
DOC-0000176,regjistruar
DOC-0000177,regjistruar
DOC-0000178,regjistruar
DOC-0000179,regjistruar
DOC-0000180,regjistruar
DOC-0000181,regjistruar
DOC-0000182,regjistruar
DOC-0000183,regjistruar
DOC-0000184,regjistruar
DOC-0000185,regjistruar
DOC-0000186,regjistruar
DOC-0000187,regjistruar
DOC-0000188,regjistruar
DOC-0000189,regjistruar
DOC-0000190,regjistruar
DOC-0000191,regjistruar
DOC-0000192,regjistruar
DOC-0000193,regjistruar
DOC-0000194,regjistruar
DOC-0000195,regjistruar
DOC-0000196,regjistruar
DOC-0000197,regjistruar
DOC-0000198,regjistruar
DOC-0000199,regjistruar
DOC-0000200,regjistruar
DOC-0000201,regjistruar
DOC-0000202,regjistruar
DOC-0000203,regjistruar
DOC-0000204,regjistruar
DOC-0000205,regjistruar
DOC-0000206,regjistruar
DOC-0000207,regjistruar
DOC-0000208,regjistruar
DOC-0000209,regjistruar
DOC-0000210,regjistruar
DOC-0000211,regjistruar
DOC-0000212,regjistruar
DOC-0000213,regjistruar
DOC-0000214,regjistruar
DOC-0000215,regjistruar
DOC-0000216,regjistruar
DOC-0000217,regjistruar
DOC-0000218,regjistruar
DOC-0000219,regjistruar
DOC-0000220,regjistruar
DOC-0000221,regjistruar
DOC-0000222,regjistruar
DOC-0000223,regjistruar
DOC-0000224,regjistruar
DOC-0000225,regjistruar
DOC-0000226,regjistruar
DOC-0000227,regjistruar
DOC-0000228,regjistruar
DOC-0000229,regjistruar
DOC-0000230,regjistruar
DOC-0000231,regjistruar
DOC-0000232,regjistruar
DOC-0000233,regjistruar
DOC-0000234,regjistruar
DOC-0000235,regjistruar
DOC-0000236,regjistruar
DOC-0000237,regjistruar
DOC-0000238,regjistruar
DOC-0000239,regjistruar
DOC-0000240,regjistruar
DOC-0000241,regjistruar
DOC-0000242,regjistruar
DOC-0000243,regjistruar
DOC-0000244,regjistruar
DOC-0000245,regjistruar
DOC-0000246,regjistruar
DOC-0000247,regjistruar
DOC-0000248,regjistruar
DOC-0000249,regjistruar
DOC-0000250,regjistruar
DOC-0000251,regjistruar
DOC-0000252,regjistruar
DOC-0000253,regjistruar
DOC-0000254,regjistruar
DOC-0000255,regjistruar
DOC-0000256,regjistruar
DOC-0000257,regjistruar
DOC-0000258,regjistruar
DOC-0000259,regjistruar
DOC-0000260,regjistruar
DOC-0000261,regjistruar
DOC-0000262,regjistruar
DOC-0000263,regjistruar
DOC-0000264,regjistruar
DOC-0000265,regjistruar
DOC-0000266,regjistruar
DOC-0000267,regjistruar
DOC-0000268,regjistruar
DOC-0000269,regjistruar
DOC-0000270,regjistruar
DOC-0000271,regjistruar
DOC-0000272,regjistruar
DOC-0000273,regjistruar
DOC-0000274,regjistruar
DOC-0000275,regjistruar
DOC-0000276,regjistruar
DOC-0000277,regjistruar
DOC-0000278,regjistruar
DOC-0000279,regjistruar
DOC-0000280,regjistruar
DOC-0000281,regjistruar
DOC-0000282,regjistruar
DOC-0000283,regjistruar
DOC-0000284,regjistruar
DOC-0000285,regjistruar
DOC-0000286,regjistruar
DOC-0000287,regjistruar
DOC-0000288,regjistruar
DOC-0000289,regjistruar
DOC-0000290,regjistruar
DOC-0000291,regjistruar
DOC-0000292,regjistruar
DOC-0000293,regjistruar
DOC-0000294,regjistruar
DOC-0000295,regjistruar
DOC-0000296,regjistruar
DOC-0000297,regjistruar
DOC-0000298,regjistruar
DOC-0000299,regjistruar
DOC-0000300,regjistruar
DOC-0000301,regjistruar
DOC-0000302,regjistruar
DOC-0000303,regjistruar
DOC-0000304,regjistruar
DOC-0000305,regjistruar
DOC-0000306,regjistruar
DOC-0000307,regjistruar
DOC-0000308,regjistruar
DOC-0000309,regjistruar
DOC-0000310,regjistruar
DOC-0000311,regjistruar
DOC-0000312,regjistruar
DOC-0000313,regjistruar
DOC-0000314,regjistruar
DOC-0000315,regjistruar
DOC-0000316,regjistruar
DOC-0000317,regjistruar
DOC-0000318,regjistruar
DOC-0000319,regjistruar
DOC-0000320,regjistruar
DOC-0000321,regjistruar
DOC-0000322,regjistruar
DOC-0000323,regjistruar
DOC-0000324,regjistruar
DOC-0000325,regjistruar
DOC-0000326,regjistruar
DOC-0000327,regjistruar
DOC-0000328,regjistruar
DOC-0000329,regjistruar
DOC-0000330,regjistruar
DOC-0000331,regjistruar
DOC-0000332,regjistruar
DOC-0000333,regjistruar
DOC-0000334,regjistruar
DOC-0000335,regjistruar
DOC-0000336,regjistruar
DOC-0000337,regjistruar
DOC-0000338,regjistruar
DOC-0000339,regjistruar
DOC-0000340,regjistruar
DOC-0000341,regjistruar
DOC-0000342,regjistruar
DOC-0000343,regjistruar
DOC-0000344,regjistruar
DOC-0000345,regjistruar
DOC-0000346,regjistruar
DOC-0000347,regjistruar
DOC-0000348,regjistruar
DOC-0000349,regjistruar
DOC-0000350,regjistruar
DOC-0000351,regjistruar
DOC-0000352,regjistruar
DOC-0000353,regjistruar
DOC-0000354,regjistruar
DOC-0000355,regjistruar
DOC-0000356,regjistruar
DOC-0000357,regjistruar
DOC-0000358,regjistruar
DOC-0000359,regjistruar
DOC-0000360,regjistruar
DOC-0000361,regjistruar
DOC-0000362,regjistruar
DOC-0000363,regjistruar
DOC-0000364,regjistruar
DOC-0000365,regjistruar
DOC-0000366,regjistruar
DOC-0000367,regjistruar
DOC-0000368,regjistruar
DOC-0000369,regjistruar
DOC-0000370,regjistruar
DOC-0000371,regjistruar
DOC-0000372,regjistruar
DOC-0000373,regjistruar
DOC-0000374,regjistruar
DOC-0000375,regjistruar
DOC-0000376,regjistruar
DOC-0000377,regjistruar
DOC-0000378,regjistruar
DOC-0000379,regjistruar
DOC-0000380,regjistruar
DOC-0000381,regjistruar
DOC-0000382,regjistruar
DOC-0000383,regjistruar
DOC-0000384,regjistruar
DOC-0000385,regjistruar
DOC-0000386,regjistruar
DOC-0000387,regjistruar
DOC-0000388,regjistruar
DOC-0000389,regjistruar
DOC-0000390,regjistruar
DOC-0000391,regjistruar
DOC-0000392,regjistruar
DOC-0000393,regjistruar
DOC-0000394,regjistruar
DOC-0000395,regjistruar
DOC-0000396,regjistruar
DOC-0000397,regjistruar
DOC-0000398,regjistruar
DOC-0000399,regjistruar
DOC-0000400,regjistruar
DOC-0000401,regjistruar
DOC-0000402,regjistruar
DOC-0000403,regjistruar
DOC-0000404,regjistruar
DOC-0000405,regjistruar
DOC-0000406,regjistruar
DOC-0000407,regjistruar
DOC-0000408,regjistruar
DOC-0000409,regjistruar
DOC-0000410,regjistruar
DOC-0000411,regjistruar
DOC-0000412,regjistruar
DOC-0000413,regjistruar
DOC-0000414,regjistruar
DOC-0000415,regjistruar
DOC-0000416,regjistruar
DOC-0000417,regjistruar
DOC-0000418,regjistruar
DOC-0000419,regjistruar
DOC-0000420,regjistruar
DOC-0000421,regjistruar
DOC-0000422,regjistruar
DOC-0000423,regjistruar
DOC-0000424,regjistruar
DOC-0000425,regjistruar
DOC-0000426,regjistruar
DOC-0000427,regjistruar
DOC-0000428,regjistruar
DOC-0000429,regjistruar
DOC-0000430,regjistruar
DOC-0000431,regjistruar
DOC-0000432,regjistruar
DOC-0000433,regjistruar
DOC-0000434,regjistruar
DOC-0000435,regjistruar
DOC-0000436,regjistruar
DOC-0000437,regjistruar
DOC-0000438,regjistruar
DOC-0000439,regjistruar
DOC-0000440,regjistruar
DOC-0000441,regjistruar
DOC-0000442,regjistruar
DOC-0000443,regjistruar
DOC-0000444,regjistruar
DOC-0000445,regjistruar
DOC-0000446,regjistruar
DOC-0000447,regjistruar
DOC-0000448,regjistruar
DOC-0000449,regjistruar
DOC-0000450,regjistruar
DOC-0000451,regjistruar
DOC-0000452,regjistruar
DOC-0000453,regjistruar
DOC-0000454,regjistruar
DOC-0000455,regjistruar
DOC-0000456,regjistruar
DOC-0000457,regjistruar
DOC-0000458,regjistruar
DOC-0000459,regjistruar
DOC-0000460,regjistruar
DOC-0000461,regjistruar
DOC-0000462,regjistruar
DOC-0000463,regjistruar
DOC-0000464,regjistruar
DOC-0000465,regjistruar
DOC-0000466,regjistruar
DOC-0000467,regjistruar
DOC-0000468,regjistruar
DOC-0000469,regjistruar
DOC-0000470,regjistruar
DOC-0000471,regjistruar
DOC-0000472,regjistruar
DOC-0000473,regjistruar
DOC-0000474,regjistruar
DOC-0000475,regjistruar
DOC-0000476,regjistruar
DOC-0000477,regjistruar
DOC-0000478,regjistruar
DOC-0000479,regjistruar
DOC-0000480,regjistruar
DOC-0000481,regjistruar
DOC-0000482,regjistruar
DOC-0000483,regjistruar
DOC-0000484,regjistruar
DOC-0000485,regjistruar
DOC-0000486,regjistruar
DOC-0000487,regjistruar
DOC-0000488,regjistruar
DOC-0000489,regjistruar
DOC-0000490,regjistruar
DOC-0000491,regjistruar
DOC-0000492,regjistruar
DOC-0000493,regjistruar
DOC-0000494,regjistruar
DOC-0000495,regjistruar
DOC-0000496,regjistruar
DOC-0000497,regjistruar
DOC-0000498,regjistruar
DOC-0000499,regjistruar
DOC-0000500,regjistruar
DOC-0000501,regjistruar
DOC-0000502,regjistruar
DOC-0000503,regjistruar
DOC-0000504,regjistruar
DOC-0000505,regjistruar
DOC-0000506,regjistruar
DOC-0000507,regjistruar
DOC-0000508,regjistruar
DOC-0000509,regjistruar
DOC-0000510,regjistruar
DOC-0000511,regjistruar
DOC-0000512,regjistruar
DOC-0000513,regjistruar
DOC-0000514,regjistruar
DOC-0000515,regjistruar
DOC-0000516,regjistruar
DOC-0000517,regjistruar
DOC-0000518,regjistruar
DOC-0000519,regjistruar
DOC-0000520,regjistruar
DOC-0000521,regjistruar
DOC-0000522,regjistruar
DOC-0000523,regjistruar
DOC-0000524,regjistruar
DOC-0000525,regjistruar
DOC-0000526,regjistruar
DOC-0000527,regjistruar
DOC-0000528,regjistruar
DOC-0000529,regjistruar
DOC-0000530,regjistruar
DOC-0000531,regjistruar
DOC-0000532,regjistruar
DOC-0000533,regjistruar
DOC-0000534,regjistruar
DOC-0000535,regjistruar
DOC-0000536,regjistruar
DOC-0000537,regjistruar
DOC-0000538,regjistruar
DOC-0000539,regjistruar
DOC-0000540,regjistruar
DOC-0000541,regjistruar
DOC-0000542,regjistruar
DOC-0000543,regjistruar
DOC-0000544,regjistruar
DOC-0000545,regjistruar
DOC-0000546,regjistruar
DOC-0000547,regjistruar
DOC-0000548,regjistruar
DOC-0000549,regjistruar
DOC-0000550,regjistruar
DOC-0000551,regjistruar
DOC-0000552,regjistruar
DOC-0000553,regjistruar
DOC-0000554,regjistruar
DOC-0000555,regjistruar
DOC-0000556,regjistruar
DOC-0000557,regjistruar
DOC-0000558,regjistruar
DOC-0000559,regjistruar
DOC-0000560,regjistruar
DOC-0000561,regjistruar
DOC-0000562,regjistruar
DOC-0000563,regjistruar
DOC-0000564,regjistruar
DOC-0000565,regjistruar
DOC-0000566,regjistruar
DOC-0000567,regjistruar
DOC-0000568,regjistruar
DOC-0000569,regjistruar
DOC-0000570,regjistruar
DOC-0000571,regjistruar
DOC-0000572,regjistruar
DOC-0000573,regjistruar
DOC-0000574,regjistruar
DOC-0000575,regjistruar
DOC-0000576,regjistruar
DOC-0000577,regjistruar
DOC-0000578,regjistruar
DOC-0000579,regjistruar
DOC-0000580,regjistruar
DOC-0000581,regjistruar
DOC-0000582,regjistruar
DOC-0000583,regjistruar
DOC-0000584,regjistruar
DOC-0000585,regjistruar
DOC-0000586,regjistruar
DOC-0000587,regjistruar
DOC-0000588,regjistruar
DOC-0000589,regjistruar
DOC-0000590,regjistruar
DOC-0000591,regjistruar
DOC-0000592,regjistruar
DOC-0000593,regjistruar
DOC-0000594,regjistruar
DOC-0000595,regjistruar
DOC-0000596,regjistruar
DOC-0000597,regjistruar
DOC-0000598,regjistruar
DOC-0000599,regjistruar
DOC-0000600,regjistruar
DOC-0000601,regjistruar
DOC-0000602,regjistruar
DOC-0000603,regjistruar
DOC-0000604,regjistruar
DOC-0000605,regjistruar
DOC-0000606,regjistruar
DOC-0000607,regjistruar
DOC-0000608,regjistruar
DOC-0000609,regjistruar
DOC-0000610,regjistruar
DOC-0000611,regjistruar
DOC-0000612,regjistruar
DOC-0000613,regjistruar
DOC-0000614,regjistruar
DOC-0000615,regjistruar
DOC-0000616,regjistruar
DOC-0000617,regjistruar
DOC-0000618,regjistruar
DOC-0000619,regjistruar
DOC-0000620,regjistruar
DOC-0000621,regjistruar
DOC-0000622,regjistruar
DOC-0000623,regjistruar
DOC-0000624,regjistruar
DOC-0000625,regjistruar
DOC-0000626,regjistruar
DOC-0000627,regjistruar
DOC-0000628,regjistruar
DOC-0000629,regjistruar
DOC-0000630,regjistruar
DOC-0000631,regjistruar
DOC-0000632,regjistruar
DOC-0000633,regjistruar
DOC-0000634,regjistruar
DOC-0000635,regjistruar
DOC-0000636,regjistruar
DOC-0000637,regjistruar
DOC-0000638,regjistruar
DOC-0000639,regjistruar
DOC-0000640,regjistruar
DOC-0000641,regjistruar
DOC-0000642,regjistruar
DOC-0000643,regjistruar
DOC-0000644,regjistruar
DOC-0000645,regjistruar
DOC-0000646,regjistruar
DOC-0000647,regjistruar
DOC-0000648,regjistruar
DOC-0000649,regjistruar
DOC-0000650,regjistruar
DOC-0000651,regjistruar
DOC-0000652,regjistruar
DOC-0000653,regjistruar
DOC-0000654,regjistruar
DOC-0000655,regjistruar
DOC-0000656,regjistruar
DOC-0000657,regjistruar
DOC-0000658,regjistruar
DOC-0000659,regjistruar
DOC-0000660,regjistruar
DOC-0000661,regjistruar
DOC-0000662,regjistruar
DOC-0000663,regjistruar
DOC-0000664,regjistruar
DOC-0000665,regjistruar
DOC-0000666,regjistruar
DOC-0000667,regjistruar
DOC-0000668,regjistruar
DOC-0000669,regjistruar
DOC-0000670,regjistruar
DOC-0000671,regjistruar
DOC-0000672,regjistruar
DOC-0000673,regjistruar
DOC-0000674,regjistruar
DOC-0000675,regjistruar
DOC-0000676,regjistruar
DOC-0000677,regjistruar
DOC-0000678,regjistruar
DOC-0000679,regjistruar
DOC-0000680,regjistruar
DOC-0000681,regjistruar
DOC-0000682,regjistruar
DOC-0000683,regjistruar
DOC-0000684,regjistruar
DOC-0000685,regjistruar
DOC-0000686,regjistruar
DOC-0000687,regjistruar
DOC-0000688,regjistruar
DOC-0000689,regjistruar
DOC-0000690,regjistruar
DOC-0000691,regjistruar
DOC-0000692,regjistruar
DOC-0000693,regjistruar
DOC-0000694,regjistruar
DOC-0000695,regjistruar
DOC-0000696,regjistruar
DOC-0000697,regjistruar
DOC-0000698,regjistruar
DOC-0000699,regjistruar
DOC-0000700,regjistruar
DOC-0000701,regjistruar
DOC-0000702,regjistruar
DOC-0000703,regjistruar
DOC-0000704,regjistruar
DOC-0000705,regjistruar
DOC-0000706,regjistruar
DOC-0000707,regjistruar
DOC-0000708,regjistruar
DOC-0000709,regjistruar
DOC-0000710,regjistruar
DOC-0000711,regjistruar
DOC-0000712,regjistruar
DOC-0000713,regjistruar
DOC-0000714,regjistruar
DOC-0000715,regjistruar
DOC-0000716,regjistruar
DOC-0000717,regjistruar
DOC-0000718,regjistruar
DOC-0000719,regjistruar
DOC-0000720,regjistruar
DOC-0000721,regjistruar
DOC-0000722,regjistruar
DOC-0000723,regjistruar
DOC-0000724,regjistruar
DOC-0000725,regjistruar
DOC-0000726,regjistruar
DOC-0000727,regjistruar
DOC-0000728,regjistruar
DOC-0000729,regjistruar
DOC-0000730,regjistruar
DOC-0000731,regjistruar
DOC-0000732,regjistruar
DOC-0000733,regjistruar
DOC-0000734,regjistruar
DOC-0000735,regjistruar
DOC-0000736,regjistruar
DOC-0000737,regjistruar
DOC-0000738,regjistruar
DOC-0000739,regjistruar
DOC-0000740,regjistruar
DOC-0000741,regjistruar
DOC-0000742,regjistruar
DOC-0000743,regjistruar
DOC-0000744,regjistruar
DOC-0000745,regjistruar
DOC-0000746,regjistruar
DOC-0000747,regjistruar
DOC-0000748,regjistruar
DOC-0000749,regjistruar
DOC-0000750,regjistruar
DOC-0000751,regjistruar
DOC-0000752,regjistruar
DOC-0000753,regjistruar
DOC-0000754,regjistruar
DOC-0000755,regjistruar
DOC-0000756,regjistruar
DOC-0000757,regjistruar
DOC-0000758,regjistruar
DOC-0000759,regjistruar
DOC-0000760,regjistruar
DOC-0000761,regjistruar
DOC-0000762,regjistruar
DOC-0000763,regjistruar
DOC-0000764,regjistruar
DOC-0000765,regjistruar
DOC-0000766,regjistruar
DOC-0000767,regjistruar
DOC-0000768,regjistruar
DOC-0000769,regjistruar
DOC-0000770,regjistruar
DOC-0000771,regjistruar
DOC-0000772,regjistruar
DOC-0000773,regjistruar
DOC-0000774,regjistruar
DOC-0000775,regjistruar
DOC-0000776,regjistruar
DOC-0000777,regjistruar
DOC-0000778,regjistruar
DOC-0000779,regjistruar
DOC-0000780,regjistruar
DOC-0000781,regjistruar
DOC-0000782,regjistruar
DOC-0000783,regjistruar
DOC-0000784,regjistruar
DOC-0000785,regjistruar
DOC-0000786,regjistruar
DOC-0000787,regjistruar
DOC-0000788,regjistruar
DOC-0000789,regjistruar
DOC-0000790,regjistruar
DOC-0000791,regjistruar
DOC-0000792,regjistruar
DOC-0000793,regjistruar
DOC-0000794,regjistruar
DOC-0000795,regjistruar
DOC-0000796,regjistruar
DOC-0000797,regjistruar
DOC-0000798,regjistruar
DOC-0000799,regjistruar
DOC-0000800,regjistruar
DOC-0000801,regjistruar
DOC-0000802,regjistruar
DOC-0000803,regjistruar
DOC-0000804,regjistruar
DOC-0000805,regjistruar
DOC-0000806,regjistruar
DOC-0000807,regjistruar
DOC-0000808,regjistruar
DOC-0000809,regjistruar
DOC-0000810,regjistruar
DOC-0000811,regjistruar
DOC-0000812,regjistruar
DOC-0000813,regjistruar
DOC-0000814,regjistruar
DOC-0000815,regjistruar
DOC-0000816,regjistruar
DOC-0000817,regjistruar
DOC-0000818,regjistruar
DOC-0000819,regjistruar
DOC-0000820,regjistruar
DOC-0000821,regjistruar
DOC-0000822,regjistruar
DOC-0000823,regjistruar
DOC-0000824,regjistruar
DOC-0000825,regjistruar
DOC-0000826,regjistruar
DOC-0000827,regjistruar
DOC-0000828,regjistruar
DOC-0000829,regjistruar
DOC-0000830,regjistruar
DOC-0000831,regjistruar
DOC-0000832,regjistruar
DOC-0000833,regjistruar
DOC-0000834,regjistruar
DOC-0000835,regjistruar
DOC-0000836,regjistruar
DOC-0000837,regjistruar
DOC-0000838,regjistruar
DOC-0000839,regjistruar
DOC-0000840,regjistruar
DOC-0000841,regjistruar
DOC-0000842,regjistruar
DOC-0000843,regjistruar
DOC-0000844,regjistruar
DOC-0000845,regjistruar
DOC-0000846,regjistruar
DOC-0000847,regjistruar
DOC-0000848,regjistruar
DOC-0000849,regjistruar
DOC-0000850,regjistruar
DOC-0000851,regjistruar
DOC-0000852,regjistruar
DOC-0000853,regjistruar
DOC-0000854,regjistruar
DOC-0000855,regjistruar
DOC-0000856,regjistruar
DOC-0000857,regjistruar
DOC-0000858,regjistruar
DOC-0000859,regjistruar
DOC-0000860,regjistruar
DOC-0000861,regjistruar
DOC-0000862,regjistruar
DOC-0000863,regjistruar
DOC-0000864,regjistruar
DOC-0000865,regjistruar
DOC-0000866,regjistruar
DOC-0000867,regjistruar
DOC-0000868,regjistruar
DOC-0000869,regjistruar
DOC-0000870,regjistruar
DOC-0000871,regjistruar
DOC-0000872,regjistruar
DOC-0000873,regjistruar
DOC-0000874,regjistruar
DOC-0000875,regjistruar
DOC-0000876,regjistruar
DOC-0000877,regjistruar
DOC-0000878,regjistruar
DOC-0000879,regjistruar
DOC-0000880,regjistruar
DOC-0000881,regjistruar
DOC-0000882,regjistruar
DOC-0000883,regjistruar
DOC-0000884,regjistruar
DOC-0000885,regjistruar
DOC-0000886,regjistruar
DOC-0000887,regjistruar
DOC-0000888,regjistruar
DOC-0000889,regjistruar
DOC-0000890,regjistruar
DOC-0000891,regjistruar
DOC-0000892,regjistruar
DOC-0000893,regjistruar
DOC-0000894,regjistruar
DOC-0000895,regjistruar
DOC-0000896,regjistruar
DOC-0000897,regjistruar
DOC-0000898,regjistruar
DOC-0000899,regjistruar
DOC-0000900,regjistruar
DOC-0000901,regjistruar
DOC-0000902,regjistruar
DOC-0000903,regjistruar
DOC-0000904,regjistruar
DOC-0000905,regjistruar
DOC-0000906,regjistruar
DOC-0000907,regjistruar
DOC-0000908,regjistruar
DOC-0000909,regjistruar
DOC-0000910,regjistruar
DOC-0000911,regjistruar
DOC-0000912,regjistruar
DOC-0000913,regjistruar
DOC-0000914,regjistruar
DOC-0000915,regjistruar
DOC-0000916,regjistruar
DOC-0000917,regjistruar
DOC-0000918,regjistruar
DOC-0000919,regjistruar
DOC-0000920,regjistruar
DOC-0000921,regjistruar
DOC-0000922,regjistruar
DOC-0000923,regjistruar
DOC-0000924,regjistruar
DOC-0000925,regjistruar
DOC-0000926,regjistruar
DOC-0000927,regjistruar
DOC-0000928,regjistruar
DOC-0000929,regjistruar
DOC-0000930,regjistruar
DOC-0000931,regjistruar
DOC-0000932,regjistruar
DOC-0000933,regjistruar
DOC-0000934,regjistruar
DOC-0000935,regjistruar
DOC-0000936,regjistruar
DOC-0000937,regjistruar
DOC-0000938,regjistruar
DOC-0000939,regjistruar
DOC-0000940,regjistruar
DOC-0000941,regjistruar
DOC-0000942,regjistruar
DOC-0000943,regjistruar
DOC-0000944,regjistruar
DOC-0000945,regjistruar
DOC-0000946,regjistruar
DOC-0000947,regjistruar
DOC-0000948,regjistruar
DOC-0000949,regjistruar
DOC-0000950,regjistruar
DOC-0000951,regjistruar
DOC-0000952,regjistruar
DOC-0000953,regjistruar
DOC-0000954,regjistruar
DOC-0000955,regjistruar
DOC-0000956,regjistruar
DOC-0000957,regjistruar
DOC-0000958,regjistruar
DOC-0000959,regjistruar
DOC-0000960,regjistruar
DOC-0000961,regjistruar
DOC-0000962,regjistruar
DOC-0000963,regjistruar
DOC-0000964,regjistruar
DOC-0000965,regjistruar
DOC-0000966,regjistruar
DOC-0000967,regjistruar
DOC-0000968,regjistruar
DOC-0000969,regjistruar
DOC-0000970,regjistruar
DOC-0000971,regjistruar
DOC-0000972,regjistruar
DOC-0000973,regjistruar
DOC-0000974,regjistruar
DOC-0000975,regjistruar
DOC-0000976,regjistruar
DOC-0000977,regjistruar
DOC-0000978,regjistruar
DOC-0000979,regjistruar
DOC-0000980,regjistruar
DOC-0000981,regjistruar
DOC-0000982,regjistruar
DOC-0000983,regjistruar
DOC-0000984,regjistruar
DOC-0000985,regjistruar
DOC-0000986,regjistruar
DOC-0000987,regjistruar
DOC-0000988,regjistruar
DOC-0000989,regjistruar
DOC-0000990,regjistruar
DOC-0000991,regjistruar
DOC-0000992,regjistruar
DOC-0000993,regjistruar
DOC-0000994,regjistruar
DOC-0000995,regjistruar
DOC-0000996,regjistruar
DOC-0000997,regjistruar
DOC-0000998,regjistruar
DOC-0000999,regjistruar
DOC-0001000,regjistruar
DOC-0001001,regjistruar
DOC-0001002,regjistruar
DOC-0001003,regjistruar
DOC-0001004,regjistruar
DOC-0001005,regjistruar
DOC-0001006,regjistruar
DOC-0001007,regjistruar
DOC-0001008,regjistruar
DOC-0001009,regjistruar
DOC-0001010,regjistruar
DOC-0001011,regjistruar
DOC-0001012,regjistruar
DOC-0001013,regjistruar
DOC-0001014,regjistruar
DOC-0001015,regjistruar
DOC-0001016,regjistruar
DOC-0001017,regjistruar
DOC-0001018,regjistruar
DOC-0001019,regjistruar
DOC-0001020,regjistruar
DOC-0001021,regjistruar
DOC-0001022,regjistruar
DOC-0001023,regjistruar
DOC-0001024,regjistruar
DOC-0001025,regjistruar
DOC-0001026,regjistruar
DOC-0001027,regjistruar
DOC-0001028,regjistruar
DOC-0001029,regjistruar
DOC-0001030,regjistruar
DOC-0001031,regjistruar
DOC-0001032,regjistruar
DOC-0001033,regjistruar
DOC-0001034,regjistruar
DOC-0001035,regjistruar
DOC-0001036,regjistruar
DOC-0001037,regjistruar
DOC-0001038,regjistruar
DOC-0001039,regjistruar
DOC-0001040,regjistruar
DOC-0001041,regjistruar
DOC-0001042,regjistruar
DOC-0001043,regjistruar
DOC-0001044,regjistruar
DOC-0001045,regjistruar
DOC-0001046,regjistruar
DOC-0001047,regjistruar
DOC-0001048,regjistruar
DOC-0001049,regjistruar
DOC-0001050,regjistruar
DOC-0001051,regjistruar
DOC-0001052,regjistruar
DOC-0001053,regjistruar
DOC-0001054,regjistruar
DOC-0001055,regjistruar
DOC-0001056,regjistruar
DOC-0001057,regjistruar
DOC-0001058,regjistruar
DOC-0001059,regjistruar
DOC-0001060,regjistruar
DOC-0001061,regjistruar
DOC-0001062,regjistruar
DOC-0001063,regjistruar
DOC-0001064,regjistruar
DOC-0001065,regjistruar
DOC-0001066,regjistruar
DOC-0001067,regjistruar
DOC-0001068,regjistruar
DOC-0001069,regjistruar
DOC-0001070,regjistruar
DOC-0001071,regjistruar
DOC-0001072,regjistruar
DOC-0001073,regjistruar
DOC-0001074,regjistruar
DOC-0001075,regjistruar
DOC-0001076,regjistruar
DOC-0001077,regjistruar
DOC-0001078,regjistruar
DOC-0001079,regjistruar
DOC-0001080,regjistruar
DOC-0001081,regjistruar
DOC-0001082,regjistruar
DOC-0001083,regjistruar
DOC-0001084,regjistruar
DOC-0001085,regjistruar
DOC-0001086,regjistruar
DOC-0001087,regjistruar
DOC-0001088,regjistruar
DOC-0001089,regjistruar
DOC-0001090,regjistruar
DOC-0001091,regjistruar
DOC-0001092,regjistruar
DOC-0001093,regjistruar
DOC-0001094,regjistruar
DOC-0001095,regjistruar
DOC-0001096,regjistruar
DOC-0001097,regjistruar
DOC-0001098,regjistruar
DOC-0001099,regjistruar
DOC-0001100,regjistruar
DOC-0001101,regjistruar
DOC-0001102,regjistruar
DOC-0001103,regjistruar
DOC-0001104,regjistruar
DOC-0001105,regjistruar
DOC-0001106,regjistruar
DOC-0001107,regjistruar
DOC-0001108,regjistruar
DOC-0001109,regjistruar
DOC-0001110,regjistruar
DOC-0001111,regjistruar
DOC-0001112,regjistruar
DOC-0001113,regjistruar
DOC-0001114,regjistruar
DOC-0001115,regjistruar
DOC-0001116,regjistruar
DOC-0001117,regjistruar
DOC-0001118,regjistruar
DOC-0001119,regjistruar
DOC-0001120,regjistruar
DOC-0001121,regjistruar
DOC-0001122,regjistruar
DOC-0001123,regjistruar
DOC-0001124,regjistruar
DOC-0001125,regjistruar
DOC-0001126,regjistruar
DOC-0001127,regjistruar
DOC-0001128,regjistruar
DOC-0001129,regjistruar
DOC-0001130,regjistruar
DOC-0001131,regjistruar
DOC-0001132,regjistruar
DOC-0001133,regjistruar
DOC-0001134,regjistruar
DOC-0001135,regjistruar
DOC-0001136,regjistruar
DOC-0001137,regjistruar
DOC-0001138,regjistruar
DOC-0001139,regjistruar
DOC-0001140,regjistruar
DOC-0001141,regjistruar
DOC-0001142,regjistruar
DOC-0001143,regjistruar
DOC-0001144,regjistruar
DOC-0001145,regjistruar
DOC-0001146,regjistruar
DOC-0001147,regjistruar
DOC-0001148,regjistruar
DOC-0001149,regjistruar
DOC-0001150,regjistruar
DOC-0001151,regjistruar
DOC-0001152,regjistruar
DOC-0001153,regjistruar
DOC-0001154,regjistruar
DOC-0001155,regjistruar
DOC-0001156,regjistruar
DOC-0001157,regjistruar
DOC-0001158,regjistruar
DOC-0001159,regjistruar
DOC-0001160,regjistruar
DOC-0001161,regjistruar
DOC-0001162,regjistruar
DOC-0001163,regjistruar
DOC-0001164,regjistruar
DOC-0001165,regjistruar
DOC-0001166,regjistruar
DOC-0001167,regjistruar
DOC-0001168,regjistruar
DOC-0001169,regjistruar
DOC-0001170,regjistruar
DOC-0001171,regjistruar
DOC-0001172,regjistruar
DOC-0001173,regjistruar
DOC-0001174,regjistruar
DOC-0001175,regjistruar
DOC-0001176,regjistruar
DOC-0001177,regjistruar
DOC-0001178,regjistruar
DOC-0001179,regjistruar
DOC-0001180,regjistruar
DOC-0001181,regjistruar
DOC-0001182,regjistruar
DOC-0001183,regjistruar
DOC-0001184,regjistruar
DOC-0001185,regjistruar
DOC-0001186,regjistruar
DOC-0001187,regjistruar
DOC-0001188,regjistruar
DOC-0001189,regjistruar
DOC-0001190,regjistruar
DOC-0001191,regjistruar
DOC-0001192,regjistruar
DOC-0001193,regjistruar
DOC-0001194,regjistruar
DOC-0001195,regjistruar
DOC-0001196,regjistruar
DOC-0001197,regjistruar
DOC-0001198,regjistruar
DOC-0001199,regjistruar
DOC-0001200,regjistruar
DOC-0001201,regjistruar
DOC-0001202,regjistruar
DOC-0001203,regjistruar
DOC-0001204,regjistruar
DOC-0001205,regjistruar
DOC-0001206,regjistruar
DOC-0001207,regjistruar
DOC-0001208,regjistruar
DOC-0001209,regjistruar
DOC-0001210,regjistruar
DOC-0001211,regjistruar
DOC-0001212,regjistruar
DOC-0001213,regjistruar
DOC-0001214,regjistruar
DOC-0001215,regjistruar
DOC-0001216,regjistruar
DOC-0001217,regjistruar
DOC-0001218,regjistruar
DOC-0001219,regjistruar
DOC-0001220,regjistruar
DOC-0001221,regjistruar
DOC-0001222,regjistruar
DOC-0001223,regjistruar
DOC-0001224,regjistruar
DOC-0001225,regjistruar
DOC-0001226,regjistruar
DOC-0001227,regjistruar
DOC-0001228,regjistruar
DOC-0001229,regjistruar
DOC-0001230,regjistruar
DOC-0001231,regjistruar
DOC-0001232,regjistruar
DOC-0001233,regjistruar
DOC-0001234,regjistruar
DOC-0001235,regjistruar
DOC-0001236,regjistruar
DOC-0001237,regjistruar
DOC-0001238,regjistruar
DOC-0001239,regjistruar
DOC-0001240,regjistruar
DOC-0001241,regjistruar
DOC-0001242,regjistruar
DOC-0001243,regjistruar
DOC-0001244,regjistruar
DOC-0001245,regjistruar
DOC-0001246,regjistruar
DOC-0001247,regjistruar
DOC-0001248,regjistruar
DOC-0001249,regjistruar
DOC-0001250,regjistruar
DOC-0001251,regjistruar
DOC-0001252,regjistruar
DOC-0001253,regjistruar
DOC-0001254,regjistruar
DOC-0001255,regjistruar
DOC-0001256,regjistruar
DOC-0001257,regjistruar
DOC-0001258,regjistruar
DOC-0001259,regjistruar
DOC-0001260,regjistruar
DOC-0001261,regjistruar
DOC-0001262,regjistruar
DOC-0001263,regjistruar
DOC-0001264,regjistruar
DOC-0001265,regjistruar
DOC-0001266,regjistruar
DOC-0001267,regjistruar
DOC-0001268,regjistruar
DOC-0001269,regjistruar
DOC-0001270,regjistruar
DOC-0001271,regjistruar
DOC-0001272,regjistruar
DOC-0001273,regjistruar
DOC-0001274,regjistruar
DOC-0001275,regjistruar
DOC-0001276,regjistruar
DOC-0001277,regjistruar
DOC-0001278,regjistruar
DOC-0001279,regjistruar
DOC-0001280,regjistruar
DOC-0001281,regjistruar
DOC-0001282,regjistruar
DOC-0001283,regjistruar
DOC-0001284,regjistruar
DOC-0001285,regjistruar
DOC-0001286,regjistruar
DOC-0001287,regjistruar
DOC-0001288,regjistruar
DOC-0001289,regjistruar
DOC-0001290,regjistruar
DOC-0001291,regjistruar
DOC-0001292,regjistruar
DOC-0001293,regjistruar
DOC-0001294,regjistruar
DOC-0001295,regjistruar
DOC-0001296,regjistruar
DOC-0001297,regjistruar
DOC-0001298,regjistruar
DOC-0001299,regjistruar
DOC-0001300,regjistruar
DOC-0001301,regjistruar
DOC-0001302,regjistruar
DOC-0001303,regjistruar
DOC-0001304,regjistruar
DOC-0001305,regjistruar
DOC-0001306,regjistruar
DOC-0001307,regjistruar
DOC-0001308,regjistruar
DOC-0001309,regjistruar
DOC-0001310,regjistruar
DOC-0001311,regjistruar
DOC-0001312,regjistruar
DOC-0001313,regjistruar
DOC-0001314,regjistruar
DOC-0001315,regjistruar
DOC-0001316,regjistruar
DOC-0001317,regjistruar
DOC-0001318,regjistruar
DOC-0001319,regjistruar
DOC-0001320,regjistruar
DOC-0001321,regjistruar
DOC-0001322,regjistruar
DOC-0001323,regjistruar
DOC-0001324,regjistruar
DOC-0001325,regjistruar
DOC-0001326,regjistruar
DOC-0001327,regjistruar
DOC-0001328,regjistruar
DOC-0001329,regjistruar
DOC-0001330,regjistruar
DOC-0001331,regjistruar
DOC-0001332,regjistruar
DOC-0001333,regjistruar
DOC-0001334,regjistruar
DOC-0001335,regjistruar
DOC-0001336,regjistruar
DOC-0001337,regjistruar
DOC-0001338,regjistruar
DOC-0001339,regjistruar
DOC-0001340,regjistruar
DOC-0001341,regjistruar
DOC-0001342,regjistruar
DOC-0001343,regjistruar
DOC-0001344,regjistruar
DOC-0001345,regjistruar
DOC-0001346,regjistruar
DOC-0001347,regjistruar
DOC-0001348,regjistruar
DOC-0001349,regjistruar
DOC-0001350,regjistruar
DOC-0001351,regjistruar
DOC-0001352,regjistruar
DOC-0001353,regjistruar
DOC-0001354,regjistruar
DOC-0001355,regjistruar
DOC-0001356,regjistruar
DOC-0001357,regjistruar
DOC-0001358,regjistruar
DOC-0001359,regjistruar
DOC-0001360,regjistruar
DOC-0001361,regjistruar
DOC-0001362,regjistruar
DOC-0001363,regjistruar
DOC-0001364,regjistruar
DOC-0001365,regjistruar
DOC-0001366,regjistruar
DOC-0001367,regjistruar
DOC-0001368,regjistruar
DOC-0001369,regjistruar
DOC-0001370,regjistruar
DOC-0001371,regjistruar
DOC-0001372,regjistruar
DOC-0001373,regjistruar
DOC-0001374,regjistruar
DOC-0001375,regjistruar
DOC-0001376,regjistruar
DOC-0001377,regjistruar
DOC-0001378,regjistruar
DOC-0001379,regjistruar
DOC-0001380,regjistruar
DOC-0001381,regjistruar
DOC-0001382,regjistruar
DOC-0001383,regjistruar
DOC-0001384,regjistruar
DOC-0001385,regjistruar
DOC-0001386,regjistruar
DOC-0001387,regjistruar
DOC-0001388,regjistruar
DOC-0001389,regjistruar
DOC-0001390,regjistruar
DOC-0001391,regjistruar
DOC-0001392,regjistruar
DOC-0001393,regjistruar
DOC-0001394,regjistruar
DOC-0001395,regjistruar
DOC-0001396,regjistruar
DOC-0001397,regjistruar
DOC-0001398,regjistruar
DOC-0001399,regjistruar
DOC-0001400,regjistruar
DOC-0001401,regjistruar
DOC-0001402,regjistruar
DOC-0001403,regjistruar
DOC-0001404,regjistruar
DOC-0001405,regjistruar
DOC-0001406,regjistruar
DOC-0001407,regjistruar
DOC-0001408,regjistruar
DOC-0001409,regjistruar
DOC-0001410,regjistruar
DOC-0001411,regjistruar
DOC-0001412,regjistruar
DOC-0001413,regjistruar
DOC-0001414,regjistruar
DOC-0001415,regjistruar
DOC-0001416,regjistruar
DOC-0001417,regjistruar
DOC-0001418,regjistruar
DOC-0001419,regjistruar
DOC-0001420,regjistruar
DOC-0001421,regjistruar
DOC-0001422,regjistruar
DOC-0001423,regjistruar
DOC-0001424,regjistruar
DOC-0001425,regjistruar
DOC-0001426,regjistruar
DOC-0001427,regjistruar
DOC-0001428,regjistruar
DOC-0001429,regjistruar
DOC-0001430,regjistruar
DOC-0001431,regjistruar
DOC-0001432,regjistruar
DOC-0001433,regjistruar
DOC-0001434,regjistruar
DOC-0001435,regjistruar
DOC-0001436,regjistruar
DOC-0001437,regjistruar
DOC-0001438,regjistruar
DOC-0001439,regjistruar
DOC-0001440,regjistruar
DOC-0001441,regjistruar
DOC-0001442,regjistruar
DOC-0001443,regjistruar
DOC-0001444,regjistruar
DOC-0001445,regjistruar
DOC-0001446,regjistruar
DOC-0001447,regjistruar
DOC-0001448,regjistruar
DOC-0001449,regjistruar
DOC-0001450,regjistruar
DOC-0001451,regjistruar
DOC-0001452,regjistruar
DOC-0001453,regjistruar
DOC-0001454,regjistruar
DOC-0001455,regjistruar
DOC-0001456,regjistruar
DOC-0001457,regjistruar
DOC-0001458,regjistruar
DOC-0001459,regjistruar
DOC-0001460,regjistruar
DOC-0001461,regjistruar
DOC-0001462,regjistruar
DOC-0001463,regjistruar
DOC-0001464,regjistruar
DOC-0001465,regjistruar
DOC-0001466,regjistruar
DOC-0001467,regjistruar
DOC-0001468,regjistruar
DOC-0001469,regjistruar
DOC-0001470,regjistruar
DOC-0001471,regjistruar
DOC-0001472,regjistruar
DOC-0001473,regjistruar
DOC-0001474,regjistruar
DOC-0001475,regjistruar
DOC-0001476,regjistruar
DOC-0001477,regjistruar
DOC-0001478,regjistruar
DOC-0001479,regjistruar
DOC-0001480,regjistruar
DOC-0001481,regjistruar
DOC-0001482,regjistruar
DOC-0001483,regjistruar
DOC-0001484,regjistruar
DOC-0001485,regjistruar
DOC-0001486,regjistruar
DOC-0001487,regjistruar
DOC-0001488,regjistruar
DOC-0001489,regjistruar
DOC-0001490,regjistruar
DOC-0001491,regjistruar
DOC-0001492,regjistruar
DOC-0001493,regjistruar
DOC-0001494,regjistruar
DOC-0001495,regjistruar
DOC-0001496,regjistruar
DOC-0001497,regjistruar
DOC-0001498,regjistruar
DOC-0001499,regjistruar
DOC-0001500,regjistruar
DOC-0001501,regjistruar
DOC-0001502,regjistruar
DOC-0001503,regjistruar
DOC-0001504,regjistruar
DOC-0001505,regjistruar
DOC-0001506,regjistruar
DOC-0001507,regjistruar
DOC-0001508,regjistruar
DOC-0001509,regjistruar
DOC-0001510,regjistruar
DOC-0001511,regjistruar
DOC-0001512,regjistruar
DOC-0001513,regjistruar
DOC-0001514,regjistruar
DOC-0001515,regjistruar
DOC-0001516,regjistruar
DOC-0001517,regjistruar
DOC-0001518,regjistruar
DOC-0001519,regjistruar
DOC-0001520,regjistruar
DOC-0001521,regjistruar
DOC-0001522,regjistruar
DOC-0001523,regjistruar
DOC-0001524,regjistruar
DOC-0001525,regjistruar
DOC-0001526,regjistruar
DOC-0001527,regjistruar
DOC-0001528,regjistruar
DOC-0001529,regjistruar
DOC-0001530,regjistruar
DOC-0001531,regjistruar
DOC-0001532,regjistruar
DOC-0001533,regjistruar
DOC-0001534,regjistruar
DOC-0001535,regjistruar
DOC-0001536,regjistruar
DOC-0001537,regjistruar
DOC-0001538,regjistruar
DOC-0001539,regjistruar
DOC-0001540,regjistruar
DOC-0001541,regjistruar
DOC-0001542,regjistruar
DOC-0001543,regjistruar
DOC-0001544,regjistruar
DOC-0001545,regjistruar
DOC-0001546,regjistruar
DOC-0001547,regjistruar
DOC-0001548,regjistruar
DOC-0001549,regjistruar
DOC-0001550,regjistruar
DOC-0001551,regjistruar
DOC-0001552,regjistruar
DOC-0001553,regjistruar
DOC-0001554,regjistruar
DOC-0001555,regjistruar
DOC-0001556,regjistruar
DOC-0001557,regjistruar
DOC-0001558,regjistruar
DOC-0001559,regjistruar
DOC-0001560,regjistruar
DOC-0001561,regjistruar
DOC-0001562,regjistruar
DOC-0001563,regjistruar
DOC-0001564,regjistruar
DOC-0001565,regjistruar
DOC-0001566,regjistruar
DOC-0001567,regjistruar
DOC-0001568,regjistruar
DOC-0001569,regjistruar
DOC-0001570,regjistruar
DOC-0001571,regjistruar
DOC-0001572,regjistruar
DOC-0001573,regjistruar
DOC-0001574,regjistruar
DOC-0001575,regjistruar
DOC-0001576,regjistruar
DOC-0001577,regjistruar
DOC-0001578,regjistruar
DOC-0001579,regjistruar
DOC-0001580,regjistruar
DOC-0001581,regjistruar
DOC-0001582,regjistruar
DOC-0001583,regjistruar
DOC-0001584,regjistruar
DOC-0001585,regjistruar
DOC-0001586,regjistruar
DOC-0001587,regjistruar
DOC-0001588,regjistruar
DOC-0001589,regjistruar
DOC-0001590,regjistruar
DOC-0001591,regjistruar
DOC-0001592,regjistruar
DOC-0001593,regjistruar
DOC-0001594,regjistruar
DOC-0001595,regjistruar
DOC-0001596,regjistruar
DOC-0001597,regjistruar
DOC-0001598,regjistruar
DOC-0001599,regjistruar
DOC-0001600,regjistruar
DOC-0001601,regjistruar
DOC-0001602,regjistruar
DOC-0001603,regjistruar
DOC-0001604,regjistruar
DOC-0001605,regjistruar
DOC-0001606,regjistruar
DOC-0001607,regjistruar
DOC-0001608,regjistruar
DOC-0001609,regjistruar
DOC-0001610,regjistruar
DOC-0001611,regjistruar
DOC-0001612,regjistruar
DOC-0001613,regjistruar
DOC-0001614,regjistruar
DOC-0001615,regjistruar
DOC-0001616,regjistruar
DOC-0001617,regjistruar
DOC-0001618,regjistruar
DOC-0001619,regjistruar
DOC-0001620,regjistruar
DOC-0001621,regjistruar
DOC-0001622,regjistruar
DOC-0001623,regjistruar
DOC-0001624,regjistruar
DOC-0001625,regjistruar
DOC-0001626,regjistruar
DOC-0001627,regjistruar
DOC-0001628,regjistruar
DOC-0001629,regjistruar
DOC-0001630,regjistruar
DOC-0001631,regjistruar
DOC-0001632,regjistruar
DOC-0001633,regjistruar
DOC-0001634,regjistruar
DOC-0001635,regjistruar
DOC-0001636,regjistruar
DOC-0001637,regjistruar
DOC-0001638,regjistruar
DOC-0001639,regjistruar
DOC-0001640,regjistruar
DOC-0001641,regjistruar
DOC-0001642,regjistruar
DOC-0001643,regjistruar
DOC-0001644,regjistruar
DOC-0001645,regjistruar
DOC-0001646,regjistruar
DOC-0001647,regjistruar
DOC-0001648,regjistruar
DOC-0001649,regjistruar
DOC-0001650,regjistruar
DOC-0001651,regjistruar
DOC-0001652,regjistruar
DOC-0001653,regjistruar
DOC-0001654,regjistruar
DOC-0001655,regjistruar
DOC-0001656,regjistruar
DOC-0001657,regjistruar
DOC-0001658,regjistruar
DOC-0001659,regjistruar
DOC-0001660,regjistruar
DOC-0001661,regjistruar
DOC-0001662,regjistruar
DOC-0001663,regjistruar
DOC-0001664,regjistruar
DOC-0001665,regjistruar
DOC-0001666,regjistruar
DOC-0001667,regjistruar
DOC-0001668,regjistruar
DOC-0001669,regjistruar
DOC-0001670,regjistruar
DOC-0001671,regjistruar
DOC-0001672,regjistruar
DOC-0001673,regjistruar
DOC-0001674,regjistruar
DOC-0001675,regjistruar
DOC-0001676,regjistruar
DOC-0001677,regjistruar
DOC-0001678,regjistruar
DOC-0001679,regjistruar
DOC-0001680,regjistruar
DOC-0001681,regjistruar
DOC-0001682,regjistruar
DOC-0001683,regjistruar
DOC-0001684,regjistruar
DOC-0001685,regjistruar
DOC-0001686,regjistruar
DOC-0001687,regjistruar
DOC-0001688,regjistruar
DOC-0001689,regjistruar
DOC-0001690,regjistruar
DOC-0001691,regjistruar
DOC-0001692,regjistruar
DOC-0001693,regjistruar
DOC-0001694,regjistruar
DOC-0001695,regjistruar
DOC-0001696,regjistruar
DOC-0001697,regjistruar
DOC-0001698,regjistruar
DOC-0001699,regjistruar
DOC-0001700,regjistruar
DOC-0001701,regjistruar
DOC-0001702,regjistruar
DOC-0001703,regjistruar
DOC-0001704,regjistruar
DOC-0001705,regjistruar
DOC-0001706,regjistruar
DOC-0001707,regjistruar
DOC-0001708,regjistruar
DOC-0001709,regjistruar
DOC-0001710,regjistruar
DOC-0001711,regjistruar
DOC-0001712,regjistruar
DOC-0001713,regjistruar
DOC-0001714,regjistruar
DOC-0001715,regjistruar
DOC-0001716,regjistruar
DOC-0001717,regjistruar
DOC-0001718,regjistruar
DOC-0001719,regjistruar
DOC-0001720,regjistruar
DOC-0001721,regjistruar
DOC-0001722,regjistruar
DOC-0001723,regjistruar
DOC-0001724,regjistruar
DOC-0001725,regjistruar
DOC-0001726,regjistruar
DOC-0001727,regjistruar
DOC-0001728,regjistruar
DOC-0001729,regjistruar
DOC-0001730,regjistruar
DOC-0001731,regjistruar
DOC-0001732,regjistruar
DOC-0001733,regjistruar
DOC-0001734,regjistruar
DOC-0001735,regjistruar
DOC-0001736,regjistruar
DOC-0001737,regjistruar
DOC-0001738,regjistruar
DOC-0001739,regjistruar
DOC-0001740,regjistruar
DOC-0001741,regjistruar
DOC-0001742,regjistruar
DOC-0001743,regjistruar
DOC-0001744,regjistruar
DOC-0001745,regjistruar
DOC-0001746,regjistruar
DOC-0001747,regjistruar
DOC-0001748,regjistruar
DOC-0001749,regjistruar
DOC-0001750,regjistruar
DOC-0001751,regjistruar
DOC-0001752,regjistruar
DOC-0001753,regjistruar
DOC-0001754,regjistruar
DOC-0001755,regjistruar
DOC-0001756,regjistruar
DOC-0001757,regjistruar
DOC-0001758,regjistruar
DOC-0001759,regjistruar
DOC-0001760,regjistruar
DOC-0001761,regjistruar
DOC-0001762,regjistruar
DOC-0001763,regjistruar
DOC-0001764,regjistruar
DOC-0001765,regjistruar
DOC-0001766,regjistruar
DOC-0001767,regjistruar
DOC-0001768,regjistruar
DOC-0001769,regjistruar
DOC-0001770,regjistruar
DOC-0001771,regjistruar
DOC-0001772,regjistruar
DOC-0001773,regjistruar
DOC-0001774,regjistruar
DOC-0001775,regjistruar
DOC-0001776,regjistruar
DOC-0001777,regjistruar
DOC-0001778,regjistruar
DOC-0001779,regjistruar
DOC-0001780,regjistruar
DOC-0001781,regjistruar
DOC-0001782,regjistruar
DOC-0001783,regjistruar
DOC-0001784,regjistruar
DOC-0001785,regjistruar
DOC-0001786,regjistruar
DOC-0001787,regjistruar
DOC-0001788,regjistruar
DOC-0001789,regjistruar
DOC-0001790,regjistruar
DOC-0001791,regjistruar
DOC-0001792,regjistruar
DOC-0001793,regjistruar
DOC-0001794,regjistruar
DOC-0001795,regjistruar
DOC-0001796,regjistruar
DOC-0001797,regjistruar
DOC-0001798,regjistruar
DOC-0001799,regjistruar
DOC-0001800,regjistruar
DOC-0001801,regjistruar
DOC-0001802,regjistruar
DOC-0001803,regjistruar
DOC-0001804,regjistruar
DOC-0001805,regjistruar
DOC-0001806,regjistruar
DOC-0001807,regjistruar
DOC-0001808,regjistruar
DOC-0001809,regjistruar
DOC-0001810,regjistruar
DOC-0001811,regjistruar
DOC-0001812,regjistruar
DOC-0001813,regjistruar
DOC-0001814,regjistruar
DOC-0001815,regjistruar
DOC-0001816,regjistruar
DOC-0001817,regjistruar
DOC-0001818,regjistruar
DOC-0001819,regjistruar
DOC-0001820,regjistruar
DOC-0001821,regjistruar
DOC-0001822,regjistruar
DOC-0001823,regjistruar
DOC-0001824,regjistruar
DOC-0001825,regjistruar
DOC-0001826,regjistruar
DOC-0001827,regjistruar
DOC-0001828,regjistruar
DOC-0001829,regjistruar
DOC-0001830,regjistruar
DOC-0001831,regjistruar
DOC-0001832,regjistruar
DOC-0001833,regjistruar
DOC-0001834,regjistruar
DOC-0001835,regjistruar
DOC-0001836,regjistruar
DOC-0001837,regjistruar
DOC-0001838,regjistruar
DOC-0001839,regjistruar
DOC-0001840,regjistruar
DOC-0001841,regjistruar
DOC-0001842,regjistruar
DOC-0001843,regjistruar
DOC-0001844,regjistruar
DOC-0001845,regjistruar
DOC-0001846,regjistruar
DOC-0001847,regjistruar
DOC-0001848,regjistruar
DOC-0001849,regjistruar
DOC-0001850,regjistruar
DOC-0001851,regjistruar
DOC-0001852,regjistruar
DOC-0001853,regjistruar
DOC-0001854,regjistruar
DOC-0001855,regjistruar
DOC-0001856,regjistruar
DOC-0001857,regjistruar
DOC-0001858,regjistruar
DOC-0001859,regjistruar
DOC-0001860,regjistruar
DOC-0001861,regjistruar
DOC-0001862,regjistruar
DOC-0001863,regjistruar
DOC-0001864,regjistruar
DOC-0001865,regjistruar
DOC-0001866,regjistruar
DOC-0001867,regjistruar
DOC-0001868,regjistruar
DOC-0001869,regjistruar
DOC-0001870,regjistruar
DOC-0001871,regjistruar
DOC-0001872,regjistruar
DOC-0001873,regjistruar
DOC-0001874,regjistruar
DOC-0001875,regjistruar
DOC-0001876,regjistruar
DOC-0001877,regjistruar
DOC-0001878,regjistruar
DOC-0001879,regjistruar
DOC-0001880,regjistruar
DOC-0001881,regjistruar
DOC-0001882,regjistruar
DOC-0001883,regjistruar
DOC-0001884,regjistruar
DOC-0001885,regjistruar
DOC-0001886,regjistruar
DOC-0001887,regjistruar
DOC-0001888,regjistruar
DOC-0001889,regjistruar
DOC-0001890,regjistruar
DOC-0001891,regjistruar
DOC-0001892,regjistruar
DOC-0001893,regjistruar
DOC-0001894,regjistruar
DOC-0001895,regjistruar
DOC-0001896,regjistruar
DOC-0001897,regjistruar
DOC-0001898,regjistruar
DOC-0001899,regjistruar
DOC-0001900,regjistruar
DOC-0001901,regjistruar
DOC-0001902,regjistruar
DOC-0001903,regjistruar
DOC-0001904,regjistruar
DOC-0001905,regjistruar
DOC-0001906,regjistruar
DOC-0001907,regjistruar
DOC-0001908,regjistruar
DOC-0001909,regjistruar
DOC-0001910,regjistruar
DOC-0001911,regjistruar
DOC-0001912,regjistruar
DOC-0001913,regjistruar
DOC-0001914,regjistruar
DOC-0001915,regjistruar
DOC-0001916,regjistruar
DOC-0001917,regjistruar
DOC-0001918,regjistruar
DOC-0001919,regjistruar
DOC-0001920,regjistruar
DOC-0001921,regjistruar
DOC-0001922,regjistruar
DOC-0001923,regjistruar
DOC-0001924,regjistruar
DOC-0001925,regjistruar
DOC-0001926,regjistruar
DOC-0001927,regjistruar
DOC-0001928,regjistruar
DOC-0001929,regjistruar
DOC-0001930,regjistruar
DOC-0001931,regjistruar
DOC-0001932,regjistruar
DOC-0001933,regjistruar
DOC-0001934,regjistruar
DOC-0001935,regjistruar
DOC-0001936,regjistruar
DOC-0001937,regjistruar
DOC-0001938,regjistruar
DOC-0001939,regjistruar
DOC-0001940,regjistruar
DOC-0001941,regjistruar
DOC-0001942,regjistruar
DOC-0001943,regjistruar
DOC-0001944,regjistruar
DOC-0001945,regjistruar
DOC-0001946,regjistruar
DOC-0001947,regjistruar
DOC-0001948,regjistruar
DOC-0001949,regjistruar
DOC-0001950,regjistruar
DOC-0001951,regjistruar
DOC-0001952,regjistruar
DOC-0001953,regjistruar
DOC-0001954,regjistruar
DOC-0001955,regjistruar
DOC-0001956,regjistruar
DOC-0001957,regjistruar
DOC-0001958,regjistruar
DOC-0001959,regjistruar
DOC-0001960,regjistruar
DOC-0001961,regjistruar
DOC-0001962,regjistruar
DOC-0001963,regjistruar
DOC-0001964,regjistruar
DOC-0001965,regjistruar
DOC-0001966,regjistruar
DOC-0001967,regjistruar
DOC-0001968,regjistruar
DOC-0001969,regjistruar
DOC-0001970,regjistruar
DOC-0001971,regjistruar
DOC-0001972,regjistruar
DOC-0001973,regjistruar
DOC-0001974,regjistruar
DOC-0001975,regjistruar
DOC-0001976,regjistruar
DOC-0001977,regjistruar
DOC-0001978,regjistruar
DOC-0001979,regjistruar
DOC-0001980,regjistruar
DOC-0001981,regjistruar
DOC-0001982,regjistruar
DOC-0001983,regjistruar
DOC-0001984,regjistruar
DOC-0001985,regjistruar
DOC-0001986,regjistruar
DOC-0001987,regjistruar
DOC-0001988,regjistruar
DOC-0001989,regjistruar
DOC-0001990,regjistruar
DOC-0001991,regjistruar
DOC-0001992,regjistruar
DOC-0001993,regjistruar
DOC-0001994,regjistruar
DOC-0001995,regjistruar
DOC-0001996,regjistruar
DOC-0001997,regjistruar
DOC-0001998,regjistruar
DOC-0001999,regjistruar
DOC-0002000,regjistruar
DOC-0002001,regjistruar
DOC-0002002,regjistruar
DOC-0002003,regjistruar
DOC-0002004,regjistruar
DOC-0002005,regjistruar
DOC-0002006,regjistruar
DOC-0002007,regjistruar
DOC-0002008,regjistruar
DOC-0002009,regjistruar
DOC-0002010,regjistruar
DOC-0002011,regjistruar
DOC-0002012,regjistruar
DOC-0002013,regjistruar
DOC-0002014,regjistruar
DOC-0002015,regjistruar
DOC-0002016,regjistruar
DOC-0002017,regjistruar
DOC-0002018,regjistruar
DOC-0002019,regjistruar
DOC-0002020,regjistruar
DOC-0002021,regjistruar
DOC-0002022,regjistruar
DOC-0002023,regjistruar
DOC-0002024,regjistruar
DOC-0002025,regjistruar
DOC-0002026,regjistruar
DOC-0002027,regjistruar
DOC-0002028,regjistruar
DOC-0002029,regjistruar
DOC-0002030,regjistruar
DOC-0002031,regjistruar
DOC-0002032,regjistruar
DOC-0002033,regjistruar
DOC-0002034,regjistruar
DOC-0002035,regjistruar
DOC-0002036,regjistruar
DOC-0002037,regjistruar
DOC-0002038,regjistruar
DOC-0002039,regjistruar
DOC-0002040,regjistruar
DOC-0002041,regjistruar
DOC-0002042,regjistruar
DOC-0002043,regjistruar
DOC-0002044,regjistruar
DOC-0002045,regjistruar
DOC-0002046,regjistruar
DOC-0002047,regjistruar
DOC-0002048,regjistruar
DOC-0002049,regjistruar
DOC-0002050,regjistruar
DOC-0002051,regjistruar
DOC-0002052,regjistruar
DOC-0002053,regjistruar
DOC-0002054,regjistruar
DOC-0002055,regjistruar
DOC-0002056,regjistruar
DOC-0002057,regjistruar
DOC-0002058,regjistruar
DOC-0002059,regjistruar
DOC-0002060,regjistruar
DOC-0002061,regjistruar
DOC-0002062,regjistruar
DOC-0002063,regjistruar
DOC-0002064,regjistruar
DOC-0002065,regjistruar
DOC-0002066,regjistruar
DOC-0002067,regjistruar
DOC-0002068,regjistruar
DOC-0002069,regjistruar
DOC-0002070,regjistruar
DOC-0002071,regjistruar
DOC-0002072,regjistruar
DOC-0002073,regjistruar
DOC-0002074,regjistruar
DOC-0002075,regjistruar
DOC-0002076,regjistruar
DOC-0002077,regjistruar
DOC-0002078,regjistruar
DOC-0002079,regjistruar
DOC-0002080,regjistruar
DOC-0002081,regjistruar
DOC-0002082,regjistruar
DOC-0002083,regjistruar
DOC-0002084,regjistruar
DOC-0002085,regjistruar
DOC-0002086,regjistruar
DOC-0002087,regjistruar
DOC-0002088,regjistruar
DOC-0002089,regjistruar
DOC-0002090,regjistruar
DOC-0002091,regjistruar
DOC-0002092,regjistruar
DOC-0002093,regjistruar
DOC-0002094,regjistruar
DOC-0002095,regjistruar
DOC-0002096,regjistruar
DOC-0002097,regjistruar
DOC-0002098,regjistruar
DOC-0002099,regjistruar
DOC-0002100,regjistruar
DOC-0002101,regjistruar
DOC-0002102,regjistruar
DOC-0002103,regjistruar
DOC-0002104,regjistruar
DOC-0002105,regjistruar
DOC-0002106,regjistruar
DOC-0002107,regjistruar
DOC-0002108,regjistruar
DOC-0002109,regjistruar
DOC-0002110,regjistruar
DOC-0002111,regjistruar
DOC-0002112,regjistruar
DOC-0002113,regjistruar
DOC-0002114,regjistruar
DOC-0002115,regjistruar
DOC-0002116,regjistruar
DOC-0002117,regjistruar
DOC-0002118,regjistruar
DOC-0002119,regjistruar
DOC-0002120,regjistruar
DOC-0002121,regjistruar
DOC-0002122,regjistruar
DOC-0002123,regjistruar
DOC-0002124,regjistruar
DOC-0002125,regjistruar
DOC-0002126,regjistruar
DOC-0002127,regjistruar
DOC-0002128,regjistruar
DOC-0002129,regjistruar
DOC-0002130,regjistruar
DOC-0002131,regjistruar
DOC-0002132,regjistruar
DOC-0002133,regjistruar
DOC-0002134,regjistruar
DOC-0002135,regjistruar
DOC-0002136,regjistruar
DOC-0002137,regjistruar
DOC-0002138,regjistruar
DOC-0002139,regjistruar
DOC-0002140,regjistruar
DOC-0002141,regjistruar
DOC-0002142,regjistruar
DOC-0002143,regjistruar
DOC-0002144,regjistruar
DOC-0002145,regjistruar
DOC-0002146,regjistruar
DOC-0002147,regjistruar
DOC-0002148,regjistruar
DOC-0002149,regjistruar
DOC-0002150,regjistruar
DOC-0002151,regjistruar
DOC-0002152,regjistruar
DOC-0002153,regjistruar
DOC-0002154,regjistruar
DOC-0002155,regjistruar
DOC-0002156,regjistruar
DOC-0002157,regjistruar
DOC-0002158,regjistruar
DOC-0002159,regjistruar
DOC-0002160,regjistruar
DOC-0002161,regjistruar
DOC-0002162,regjistruar
DOC-0002163,regjistruar
DOC-0002164,regjistruar
DOC-0002165,regjistruar
DOC-0002166,regjistruar
DOC-0002167,regjistruar
DOC-0002168,regjistruar
DOC-0002169,regjistruar
DOC-0002170,regjistruar
DOC-0002171,regjistruar
DOC-0002172,regjistruar
DOC-0002173,regjistruar
DOC-0002174,regjistruar
DOC-0002175,regjistruar
DOC-0002176,regjistruar
DOC-0002177,regjistruar
DOC-0002178,regjistruar
DOC-0002179,regjistruar
DOC-0002180,regjistruar
DOC-0002181,regjistruar
DOC-0002182,regjistruar
DOC-0002183,regjistruar
DOC-0002184,regjistruar
DOC-0002185,regjistruar
DOC-0002186,regjistruar
DOC-0002187,regjistruar
DOC-0002188,regjistruar
DOC-0002189,regjistruar
DOC-0002190,regjistruar
DOC-0002191,regjistruar
DOC-0002192,regjistruar
DOC-0002193,regjistruar
DOC-0002194,regjistruar
DOC-0002195,regjistruar
DOC-0002196,regjistruar
DOC-0002197,regjistruar
DOC-0002198,regjistruar
DOC-0002199,regjistruar
DOC-0002200,regjistruar
DOC-0002201,regjistruar
DOC-0002202,regjistruar
DOC-0002203,regjistruar
DOC-0002204,regjistruar
DOC-0002205,regjistruar
DOC-0002206,regjistruar
DOC-0002207,regjistruar
DOC-0002208,regjistruar
DOC-0002209,regjistruar
DOC-0002210,regjistruar
DOC-0002211,regjistruar
DOC-0002212,regjistruar
DOC-0002213,regjistruar
DOC-0002214,regjistruar
DOC-0002215,regjistruar
DOC-0002216,regjistruar
DOC-0002217,regjistruar
DOC-0002218,regjistruar
DOC-0002219,regjistruar
DOC-0002220,regjistruar
DOC-0002221,regjistruar
DOC-0002222,regjistruar
DOC-0002223,regjistruar
DOC-0002224,regjistruar
DOC-0002225,regjistruar
DOC-0002226,regjistruar
DOC-0002227,regjistruar
DOC-0002228,regjistruar
DOC-0002229,regjistruar
DOC-0002230,regjistruar
DOC-0002231,regjistruar
DOC-0002232,regjistruar
DOC-0002233,regjistruar
DOC-0002234,regjistruar
DOC-0002235,regjistruar
DOC-0002236,regjistruar
DOC-0002237,regjistruar
DOC-0002238,regjistruar
DOC-0002239,regjistruar
DOC-0002240,regjistruar
DOC-0002241,regjistruar
DOC-0002242,regjistruar
DOC-0002243,regjistruar
DOC-0002244,regjistruar
DOC-0002245,regjistruar
DOC-0002246,regjistruar
DOC-0002247,regjistruar
DOC-0002248,regjistruar
DOC-0002249,regjistruar
DOC-0002250,regjistruar
DOC-0002251,regjistruar
DOC-0002252,regjistruar
DOC-0002253,regjistruar
DOC-0002254,regjistruar
DOC-0002255,regjistruar
DOC-0002256,regjistruar
DOC-0002257,regjistruar
DOC-0002258,regjistruar
DOC-0002259,regjistruar
DOC-0002260,regjistruar
DOC-0002261,regjistruar
DOC-0002262,regjistruar
DOC-0002263,regjistruar
DOC-0002264,regjistruar
DOC-0002265,regjistruar
DOC-0002266,regjistruar
DOC-0002267,regjistruar
DOC-0002268,regjistruar
DOC-0002269,regjistruar
DOC-0002270,regjistruar
DOC-0002271,regjistruar
DOC-0002272,regjistruar
DOC-0002273,regjistruar
DOC-0002274,regjistruar
DOC-0002275,regjistruar
DOC-0002276,regjistruar
DOC-0002277,regjistruar
DOC-0002278,regjistruar
DOC-0002279,regjistruar
DOC-0002280,regjistruar
DOC-0002281,regjistruar
DOC-0002282,regjistruar
DOC-0002283,regjistruar
DOC-0002284,regjistruar
DOC-0002285,regjistruar
DOC-0002286,regjistruar
DOC-0002287,regjistruar
DOC-0002288,regjistruar
DOC-0002289,regjistruar
DOC-0002290,regjistruar
DOC-0002291,regjistruar
DOC-0002292,regjistruar
DOC-0002293,regjistruar
DOC-0002294,regjistruar
DOC-0002295,regjistruar
DOC-0002296,regjistruar
DOC-0002297,regjistruar
DOC-0002298,regjistruar
DOC-0002299,regjistruar
DOC-0002300,regjistruar
DOC-0002301,regjistruar
DOC-0002302,regjistruar
DOC-0002303,regjistruar
DOC-0002304,regjistruar
DOC-0002305,regjistruar
DOC-0002306,regjistruar
DOC-0002307,regjistruar
DOC-0002308,regjistruar
DOC-0002309,regjistruar
DOC-0002310,regjistruar
DOC-0002311,regjistruar
DOC-0002312,regjistruar
DOC-0002313,regjistruar
DOC-0002314,regjistruar
DOC-0002315,regjistruar
DOC-0002316,regjistruar
DOC-0002317,regjistruar
DOC-0002318,regjistruar
DOC-0002319,regjistruar
DOC-0002320,regjistruar
DOC-0002321,regjistruar
DOC-0002322,regjistruar
DOC-0002323,regjistruar
DOC-0002324,regjistruar
DOC-0002325,regjistruar
DOC-0002326,regjistruar
DOC-0002327,regjistruar
DOC-0002328,regjistruar
DOC-0002329,regjistruar
DOC-0002330,regjistruar
DOC-0002331,regjistruar
DOC-0002332,regjistruar
DOC-0002333,regjistruar
DOC-0002334,regjistruar
DOC-0002335,regjistruar
DOC-0002336,regjistruar
DOC-0002337,regjistruar
DOC-0002338,regjistruar
DOC-0002339,regjistruar
DOC-0002340,regjistruar
DOC-0002341,regjistruar
DOC-0002342,regjistruar
DOC-0002343,regjistruar
DOC-0002344,regjistruar
DOC-0002345,regjistruar
DOC-0002346,regjistruar
DOC-0002347,regjistruar
DOC-0002348,regjistruar
DOC-0002349,regjistruar
DOC-0002350,regjistruar
DOC-0002351,regjistruar
DOC-0002352,regjistruar
DOC-0002353,regjistruar
DOC-0002354,regjistruar
DOC-0002355,regjistruar
DOC-0002356,regjistruar
DOC-0002357,regjistruar
DOC-0002358,regjistruar
DOC-0002359,regjistruar
DOC-0002360,regjistruar
DOC-0002361,regjistruar
DOC-0002362,regjistruar
DOC-0002363,regjistruar
DOC-0002364,regjistruar
DOC-0002365,regjistruar
DOC-0002366,regjistruar
DOC-0002367,regjistruar
DOC-0002368,regjistruar
DOC-0002369,regjistruar
DOC-0002370,regjistruar
DOC-0002371,regjistruar
DOC-0002372,regjistruar
DOC-0002373,regjistruar
DOC-0002374,regjistruar
DOC-0002375,regjistruar
DOC-0002376,regjistruar
DOC-0002377,regjistruar
DOC-0002378,regjistruar
DOC-0002379,regjistruar
DOC-0002380,regjistruar
DOC-0002381,regjistruar
DOC-0002382,regjistruar
DOC-0002383,regjistruar
DOC-0002384,regjistruar
DOC-0002385,regjistruar
DOC-0002386,regjistruar
DOC-0002387,regjistruar
DOC-0002388,regjistruar
DOC-0002389,regjistruar
DOC-0002390,regjistruar
DOC-0002391,regjistruar
DOC-0002392,regjistruar
DOC-0002393,regjistruar
DOC-0002394,regjistruar
DOC-0002395,regjistruar
DOC-0002396,regjistruar
DOC-0002397,regjistruar
DOC-0002398,regjistruar
DOC-0002399,regjistruar
DOC-0002400,regjistruar
DOC-0002401,regjistruar
DOC-0002402,regjistruar
DOC-0002403,regjistruar
DOC-0002404,regjistruar
DOC-0002405,regjistruar
DOC-0002406,regjistruar
DOC-0002407,regjistruar
DOC-0002408,regjistruar
DOC-0002409,regjistruar
DOC-0002410,regjistruar
DOC-0002411,regjistruar
DOC-0002412,regjistruar
DOC-0002413,regjistruar
DOC-0002414,regjistruar
DOC-0002415,regjistruar
DOC-0002416,regjistruar
DOC-0002417,regjistruar
DOC-0002418,regjistruar
DOC-0002419,regjistruar
DOC-0002420,regjistruar
DOC-0002421,regjistruar
DOC-0002422,regjistruar
DOC-0002423,regjistruar
DOC-0002424,regjistruar
DOC-0002425,regjistruar
DOC-0002426,regjistruar
DOC-0002427,regjistruar
DOC-0002428,regjistruar
DOC-0002429,regjistruar
DOC-0002430,regjistruar
DOC-0002431,regjistruar
DOC-0002432,regjistruar
DOC-0002433,regjistruar
DOC-0002434,regjistruar
DOC-0002435,regjistruar
DOC-0002436,regjistruar
DOC-0002437,regjistruar
DOC-0002438,regjistruar
DOC-0002439,regjistruar
DOC-0002440,regjistruar
DOC-0002441,regjistruar
DOC-0002442,regjistruar
DOC-0002443,regjistruar
DOC-0002444,regjistruar
DOC-0002445,regjistruar
DOC-0002446,regjistruar
DOC-0002447,regjistruar
DOC-0002448,regjistruar
DOC-0002449,regjistruar
DOC-0002450,regjistruar
DOC-0002451,regjistruar
DOC-0002452,regjistruar
DOC-0002453,regjistruar
DOC-0002454,regjistruar
DOC-0002455,regjistruar
DOC-0002456,regjistruar
DOC-0002457,regjistruar
DOC-0002458,regjistruar
DOC-0002459,regjistruar
DOC-0002460,regjistruar
DOC-0002461,regjistruar
DOC-0002462,regjistruar
DOC-0002463,regjistruar
DOC-0002464,regjistruar
DOC-0002465,regjistruar
DOC-0002466,regjistruar
DOC-0002467,regjistruar
DOC-0002468,regjistruar
DOC-0002469,regjistruar
DOC-0002470,regjistruar
DOC-0002471,regjistruar
DOC-0002472,regjistruar
DOC-0002473,regjistruar
DOC-0002474,regjistruar
DOC-0002475,regjistruar
DOC-0002476,regjistruar
DOC-0002477,regjistruar
DOC-0002478,regjistruar
DOC-0002479,regjistruar
DOC-0002480,regjistruar
DOC-0002481,regjistruar
DOC-0002482,regjistruar
DOC-0002483,regjistruar
DOC-0002484,regjistruar
DOC-0002485,regjistruar
DOC-0002486,regjistruar
DOC-0002487,regjistruar
DOC-0002488,regjistruar
DOC-0002489,regjistruar
DOC-0002490,regjistruar
DOC-0002491,regjistruar
DOC-0002492,regjistruar
DOC-0002493,regjistruar
DOC-0002494,regjistruar
DOC-0002495,regjistruar
DOC-0002496,regjistruar
DOC-0002497,regjistruar
DOC-0002498,regjistruar
DOC-0002499,regjistruar
DOC-0002500,regjistruar
DOC-0002501,regjistruar
DOC-0002502,regjistruar
DOC-0002503,regjistruar
DOC-0002504,regjistruar
DOC-0002505,regjistruar
DOC-0002506,regjistruar
DOC-0002507,regjistruar
DOC-0002508,regjistruar
DOC-0002509,regjistruar
DOC-0002510,regjistruar
DOC-0002511,regjistruar
DOC-0002512,regjistruar
DOC-0002513,regjistruar
DOC-0002514,regjistruar
DOC-0002515,regjistruar
DOC-0002516,regjistruar
DOC-0002517,regjistruar
DOC-0002518,regjistruar
DOC-0002519,regjistruar
DOC-0002520,regjistruar
DOC-0002521,regjistruar
DOC-0002522,regjistruar
DOC-0002523,regjistruar
DOC-0002524,regjistruar
DOC-0002525,regjistruar
DOC-0002526,regjistruar
DOC-0002527,regjistruar
DOC-0002528,regjistruar
DOC-0002529,regjistruar
DOC-0002530,regjistruar
DOC-0002531,regjistruar
DOC-0002532,regjistruar
DOC-0002533,regjistruar
DOC-0002534,regjistruar
DOC-0002535,regjistruar
DOC-0002536,regjistruar
DOC-0002537,regjistruar
DOC-0002538,regjistruar
DOC-0002539,regjistruar
DOC-0002540,regjistruar
DOC-0002541,regjistruar
DOC-0002542,regjistruar
DOC-0002543,regjistruar
DOC-0002544,regjistruar
DOC-0002545,regjistruar
DOC-0002546,regjistruar
DOC-0002547,regjistruar
DOC-0002548,regjistruar
DOC-0002549,regjistruar
DOC-0002550,regjistruar
DOC-0002551,regjistruar
DOC-0002552,regjistruar
DOC-0002553,regjistruar
DOC-0002554,regjistruar
DOC-0002555,regjistruar
DOC-0002556,regjistruar
DOC-0002557,regjistruar
DOC-0002558,regjistruar
DOC-0002559,regjistruar
DOC-0002560,regjistruar
DOC-0002561,regjistruar
DOC-0002562,regjistruar
DOC-0002563,regjistruar
DOC-0002564,regjistruar
DOC-0002565,regjistruar
DOC-0002566,regjistruar
DOC-0002567,regjistruar
DOC-0002568,regjistruar
DOC-0002569,regjistruar
DOC-0002570,regjistruar
DOC-0002571,regjistruar
DOC-0002572,regjistruar
DOC-0002573,regjistruar
DOC-0002574,regjistruar
DOC-0002575,regjistruar
DOC-0002576,regjistruar
DOC-0002577,regjistruar
DOC-0002578,regjistruar
DOC-0002579,regjistruar
DOC-0002580,regjistruar
DOC-0002581,regjistruar
DOC-0002582,regjistruar
DOC-0002583,regjistruar
DOC-0002584,regjistruar
DOC-0002585,regjistruar
DOC-0002586,regjistruar
DOC-0002587,regjistruar
DOC-0002588,regjistruar
DOC-0002589,regjistruar
DOC-0002590,regjistruar
DOC-0002591,regjistruar
DOC-0002592,regjistruar
DOC-0002593,regjistruar
DOC-0002594,regjistruar
DOC-0002595,regjistruar
DOC-0002596,regjistruar
DOC-0002597,regjistruar
DOC-0002598,regjistruar
DOC-0002599,regjistruar
DOC-0002600,regjistruar
DOC-0002601,regjistruar
DOC-0002602,regjistruar
DOC-0002603,regjistruar
DOC-0002604,regjistruar
DOC-0002605,regjistruar
DOC-0002606,regjistruar
DOC-0002607,regjistruar
DOC-0002608,regjistruar
DOC-0002609,regjistruar
DOC-0002610,regjistruar
DOC-0002611,regjistruar
DOC-0002612,regjistruar
DOC-0002613,regjistruar
DOC-0002614,regjistruar
DOC-0002615,regjistruar
DOC-0002616,regjistruar
DOC-0002617,regjistruar
DOC-0002618,regjistruar
DOC-0002619,regjistruar
DOC-0002620,regjistruar
DOC-0002621,regjistruar
DOC-0002622,regjistruar
DOC-0002623,regjistruar
DOC-0002624,regjistruar
DOC-0002625,regjistruar
DOC-0002626,regjistruar
DOC-0002627,regjistruar
DOC-0002628,regjistruar
DOC-0002629,regjistruar
DOC-0002630,regjistruar
DOC-0002631,regjistruar
DOC-0002632,regjistruar
DOC-0002633,regjistruar
DOC-0002634,regjistruar
DOC-0002635,regjistruar
DOC-0002636,regjistruar
DOC-0002637,regjistruar
DOC-0002638,regjistruar
DOC-0002639,regjistruar
DOC-0002640,regjistruar
DOC-0002641,regjistruar
DOC-0002642,regjistruar
DOC-0002643,regjistruar
DOC-0002644,regjistruar
DOC-0002645,regjistruar
DOC-0002646,regjistruar
DOC-0002647,regjistruar
DOC-0002648,regjistruar
DOC-0002649,regjistruar
DOC-0002650,regjistruar
DOC-0002651,regjistruar
DOC-0002652,regjistruar
DOC-0002653,regjistruar
DOC-0002654,regjistruar
DOC-0002655,regjistruar
DOC-0002656,regjistruar
DOC-0002657,regjistruar
DOC-0002658,regjistruar
DOC-0002659,regjistruar
DOC-0002660,regjistruar
DOC-0002661,regjistruar
DOC-0002662,regjistruar
DOC-0002663,regjistruar
DOC-0002664,regjistruar
DOC-0002665,regjistruar
DOC-0002666,regjistruar
DOC-0002667,regjistruar
DOC-0002668,regjistruar
DOC-0002669,regjistruar
DOC-0002670,regjistruar
DOC-0002671,regjistruar
DOC-0002672,regjistruar
DOC-0002673,regjistruar
DOC-0002674,regjistruar
DOC-0002675,regjistruar
DOC-0002676,regjistruar
DOC-0002677,regjistruar
DOC-0002678,regjistruar
DOC-0002679,regjistruar
DOC-0002680,regjistruar
DOC-0002681,regjistruar
DOC-0002682,regjistruar
DOC-0002683,regjistruar
DOC-0002684,regjistruar
DOC-0002685,regjistruar
DOC-0002686,regjistruar
DOC-0002687,regjistruar
DOC-0002688,regjistruar
DOC-0002689,regjistruar
DOC-0002690,regjistruar
DOC-0002691,regjistruar
DOC-0002692,regjistruar
DOC-0002693,regjistruar
DOC-0002694,regjistruar
DOC-0002695,regjistruar
DOC-0002696,regjistruar
DOC-0002697,regjistruar
DOC-0002698,regjistruar
DOC-0002699,regjistruar
DOC-0002700,regjistruar
DOC-0002701,regjistruar
DOC-0002702,regjistruar
DOC-0002703,regjistruar
DOC-0002704,regjistruar
DOC-0002705,regjistruar
DOC-0002706,regjistruar
DOC-0002707,regjistruar
DOC-0002708,regjistruar
DOC-0002709,regjistruar
DOC-0002710,regjistruar
DOC-0002711,regjistruar
DOC-0002712,regjistruar
DOC-0002713,regjistruar
DOC-0002714,regjistruar
DOC-0002715,regjistruar
DOC-0002716,regjistruar
DOC-0002717,regjistruar
DOC-0002718,regjistruar
DOC-0002719,regjistruar
DOC-0002720,regjistruar
DOC-0002721,regjistruar
DOC-0002722,regjistruar
DOC-0002723,regjistruar
DOC-0002724,regjistruar
DOC-0002725,regjistruar
DOC-0002726,regjistruar
DOC-0002727,regjistruar
DOC-0002728,regjistruar
DOC-0002729,regjistruar
DOC-0002730,regjistruar
DOC-0002731,regjistruar
DOC-0002732,regjistruar
DOC-0002733,regjistruar
DOC-0002734,regjistruar
DOC-0002735,regjistruar
DOC-0002736,regjistruar
DOC-0002737,regjistruar
DOC-0002738,regjistruar
DOC-0002739,regjistruar
DOC-0002740,regjistruar
DOC-0002741,regjistruar
DOC-0002742,regjistruar
DOC-0002743,regjistruar
DOC-0002744,regjistruar
DOC-0002745,regjistruar
DOC-0002746,regjistruar
DOC-0002747,regjistruar
DOC-0002748,regjistruar
DOC-0002749,regjistruar
DOC-0002750,regjistruar
DOC-0002751,regjistruar
DOC-0002752,regjistruar
DOC-0002753,regjistruar
DOC-0002754,regjistruar
DOC-0002755,regjistruar
DOC-0002756,regjistruar
DOC-0002757,regjistruar
DOC-0002758,regjistruar
DOC-0002759,regjistruar
DOC-0002760,regjistruar
DOC-0002761,regjistruar
DOC-0002762,regjistruar
DOC-0002763,regjistruar
DOC-0002764,regjistruar
DOC-0002765,regjistruar
DOC-0002766,regjistruar
DOC-0002767,regjistruar
DOC-0002768,regjistruar
DOC-0002769,regjistruar
DOC-0002770,regjistruar
DOC-0002771,regjistruar
DOC-0002772,regjistruar
DOC-0002773,regjistruar
DOC-0002774,regjistruar
DOC-0002775,regjistruar
DOC-0002776,regjistruar
DOC-0002777,regjistruar
DOC-0002778,regjistruar
DOC-0002779,regjistruar
DOC-0002780,regjistruar
DOC-0002781,regjistruar
DOC-0002782,regjistruar
DOC-0002783,regjistruar
DOC-0002784,regjistruar
DOC-0002785,regjistruar
DOC-0002786,regjistruar
DOC-0002787,regjistruar
DOC-0002788,regjistruar
DOC-0002789,regjistruar
DOC-0002790,regjistruar
DOC-0002791,regjistruar
DOC-0002792,regjistruar
DOC-0002793,regjistruar
DOC-0002794,regjistruar
DOC-0002795,regjistruar
DOC-0002796,regjistruar
DOC-0002797,regjistruar
DOC-0002798,regjistruar
DOC-0002799,regjistruar
DOC-0002800,regjistruar
DOC-0002801,regjistruar
DOC-0002802,regjistruar
DOC-0002803,regjistruar
DOC-0002804,regjistruar
DOC-0002805,regjistruar
DOC-0002806,regjistruar
DOC-0002807,regjistruar
DOC-0002808,regjistruar
DOC-0002809,regjistruar
DOC-0002810,regjistruar
DOC-0002811,regjistruar
DOC-0002812,regjistruar
DOC-0002813,regjistruar
DOC-0002814,regjistruar
DOC-0002815,regjistruar
DOC-0002816,regjistruar
DOC-0002817,regjistruar
DOC-0002818,regjistruar
DOC-0002819,regjistruar
DOC-0002820,regjistruar
DOC-0002821,regjistruar
DOC-0002822,regjistruar
DOC-0002823,regjistruar
DOC-0002824,regjistruar
DOC-0002825,regjistruar
DOC-0002826,regjistruar
DOC-0002827,regjistruar
DOC-0002828,regjistruar
DOC-0002829,regjistruar
DOC-0002830,regjistruar
DOC-0002831,regjistruar
DOC-0002832,regjistruar
DOC-0002833,regjistruar
DOC-0002834,regjistruar
DOC-0002835,regjistruar
DOC-0002836,regjistruar
DOC-0002837,regjistruar
DOC-0002838,regjistruar
DOC-0002839,regjistruar
DOC-0002840,regjistruar
DOC-0002841,regjistruar
DOC-0002842,regjistruar
DOC-0002843,regjistruar
DOC-0002844,regjistruar
DOC-0002845,regjistruar
DOC-0002846,regjistruar
DOC-0002847,regjistruar
DOC-0002848,regjistruar
DOC-0002849,regjistruar
DOC-0002850,regjistruar
DOC-0002851,regjistruar
DOC-0002852,regjistruar
DOC-0002853,regjistruar
DOC-0002854,regjistruar
DOC-0002855,regjistruar
DOC-0002856,regjistruar
DOC-0002857,regjistruar
DOC-0002858,regjistruar
DOC-0002859,regjistruar
DOC-0002860,regjistruar
DOC-0002861,regjistruar
DOC-0002862,regjistruar
DOC-0002863,regjistruar
DOC-0002864,regjistruar
DOC-0002865,regjistruar
DOC-0002866,regjistruar
DOC-0002867,regjistruar
DOC-0002868,regjistruar
DOC-0002869,regjistruar
DOC-0002870,regjistruar
DOC-0002871,regjistruar
DOC-0002872,regjistruar
DOC-0002873,regjistruar
DOC-0002874,regjistruar
DOC-0002875,regjistruar
DOC-0002876,regjistruar
DOC-0002877,regjistruar
DOC-0002878,regjistruar
DOC-0002879,regjistruar
DOC-0002880,regjistruar
DOC-0002881,regjistruar
DOC-0002882,regjistruar
DOC-0002883,regjistruar
DOC-0002884,regjistruar
DOC-0002885,regjistruar
DOC-0002886,regjistruar
DOC-0002887,regjistruar
DOC-0002888,regjistruar
DOC-0002889,regjistruar
DOC-0002890,regjistruar
DOC-0002891,regjistruar
DOC-0002892,regjistruar
DOC-0002893,regjistruar
DOC-0002894,regjistruar
DOC-0002895,regjistruar
DOC-0002896,regjistruar
DOC-0002897,regjistruar
DOC-0002898,regjistruar
DOC-0002899,regjistruar
DOC-0002900,regjistruar
DOC-0002901,regjistruar
DOC-0002902,regjistruar
DOC-0002903,regjistruar
DOC-0002904,regjistruar
DOC-0002905,regjistruar
DOC-0002906,regjistruar
DOC-0002907,regjistruar
DOC-0002908,regjistruar
DOC-0002909,regjistruar
DOC-0002910,regjistruar
DOC-0002911,regjistruar
DOC-0002912,regjistruar
DOC-0002913,regjistruar
DOC-0002914,regjistruar
DOC-0002915,regjistruar
DOC-0002916,regjistruar
DOC-0002917,regjistruar
DOC-0002918,regjistruar
DOC-0002919,regjistruar
DOC-0002920,regjistruar
DOC-0002921,regjistruar
DOC-0002922,regjistruar
